strcmp,strcmp,D:/Code/Repos/r10k_cpp/home/yoyo/work/SmallerC-master/v0100/smlrc.c,702,716,2,SmallerC-master
strcmp,strcmp,D:/Code/Repos/r10k_cpp/home/yoyo/work/SmallerC-master/v0100/smlrc.c,719,743,5,SmallerC-master
memmove,memmove,D:/Code/Repos/r10k_cpp/home/yoyo/work/SmallerC-master/v0100/smlrc.c,719,743,5,SmallerC-master
strlen,strlen,D:/Code/Repos/r10k_cpp/home/yoyo/work/SmallerC-master/v0100/smlrc.c,746,761,2,SmallerC-master
strcpy,strcpy,D:/Code/Repos/r10k_cpp/home/yoyo/work/SmallerC-master/v0100/smlrc.c,746,761,2,SmallerC-master
strchr,strchr,D:/Code/Repos/r10k_cpp/home/yoyo/work/SmallerC-master/v0100/smlrc.c,764,785,4,SmallerC-master
strcmp,strcmp,D:/Code/Repos/r10k_cpp/home/yoyo/work/SmallerC-master/v0100/smlrc.c,821,831,0,SmallerC-master
strlen,strlen,D:/Code/Repos/r10k_cpp/home/yoyo/work/SmallerC-master/v0100/smlrc.c,834,855,4,SmallerC-master
strcpy,strcpy,D:/Code/Repos/r10k_cpp/home/yoyo/work/SmallerC-master/v0100/smlrc.c,834,855,4,SmallerC-master
strcmp,strcmp,D:/Code/Repos/r10k_cpp/home/yoyo/work/SmallerC-master/v0100/smlrc.c,868,887,3,SmallerC-master
strlen,strlen,D:/Code/Repos/r10k_cpp/home/yoyo/work/SmallerC-master/v0100/smlrc.c,890,904,2,SmallerC-master
memmove,memmove,D:/Code/Repos/r10k_cpp/home/yoyo/work/SmallerC-master/v0100/smlrc.c,890,904,2,SmallerC-master
strlen,strlen,D:/Code/Repos/r10k_cpp/home/yoyo/work/SmallerC-master/v0100/smlrc.c,918,929,1,SmallerC-master
strcmp,strcmp,D:/Code/Repos/r10k_cpp/home/yoyo/work/SmallerC-master/v0100/smlrc.c,955,964,0,SmallerC-master
fgetc,fgetc,D:/Code/Repos/r10k_cpp/home/yoyo/work/SmallerC-master/v0100/smlrc.c,1033,1053,4,SmallerC-master
fclose,fclose,D:/Code/Repos/r10k_cpp/home/yoyo/work/SmallerC-master/v0100/smlrc.c,1033,1053,4,SmallerC-master
memmove,memmove,D:/Code/Repos/r10k_cpp/home/yoyo/work/SmallerC-master/v0100/smlrc.c,1056,1069,1,SmallerC-master
strlen,strlen,D:/Code/Repos/r10k_cpp/home/yoyo/work/SmallerC-master/v0100/smlrc.c,1083,1166,25,SmallerC-master
memcpy,memcpy,D:/Code/Repos/r10k_cpp/home/yoyo/work/SmallerC-master/v0100/smlrc.c,1083,1166,25,SmallerC-master
strcpy,strcpy,D:/Code/Repos/r10k_cpp/home/yoyo/work/SmallerC-master/v0100/smlrc.c,1083,1166,25,SmallerC-master
fopen,fopen,D:/Code/Repos/r10k_cpp/home/yoyo/work/SmallerC-master/v0100/smlrc.c,1083,1166,25,SmallerC-master
strlen,strlen,D:/Code/Repos/r10k_cpp/home/yoyo/work/SmallerC-master/v0100/smlrc.c,1083,1166,25,SmallerC-master
strcpy,strcpy,D:/Code/Repos/r10k_cpp/home/yoyo/work/SmallerC-master/v0100/smlrc.c,1083,1166,25,SmallerC-master
strcpy,strcpy,D:/Code/Repos/r10k_cpp/home/yoyo/work/SmallerC-master/v0100/smlrc.c,1083,1166,25,SmallerC-master
fopen,fopen,D:/Code/Repos/r10k_cpp/home/yoyo/work/SmallerC-master/v0100/smlrc.c,1083,1166,25,SmallerC-master
memcpy,memcpy,D:/Code/Repos/r10k_cpp/home/yoyo/work/SmallerC-master/v0100/smlrc.c,1170,1183,1,SmallerC-master
strchr,strchr,D:/Code/Repos/r10k_cpp/home/yoyo/work/SmallerC-master/v0100/smlrc.c,1186,1256,20,SmallerC-master
strchr,strchr,D:/Code/Repos/r10k_cpp/home/yoyo/work/SmallerC-master/v0100/smlrc.c,1186,1256,20,SmallerC-master
strchr,strchr,D:/Code/Repos/r10k_cpp/home/yoyo/work/SmallerC-master/v0100/smlrc.c,1186,1256,20,SmallerC-master
strchr,strchr,D:/Code/Repos/r10k_cpp/home/yoyo/work/SmallerC-master/v0100/smlrc.c,1186,1256,20,SmallerC-master
strchr,strchr,D:/Code/Repos/r10k_cpp/home/yoyo/work/SmallerC-master/v0100/smlrc.c,1260,1281,4,SmallerC-master
__ctype_b_loc,__ctype_b_loc,D:/Code/Repos/r10k_cpp/home/yoyo/work/SmallerC-master/v0100/smlrc.c,1285,1310,5,SmallerC-master
__ctype_b_loc,__ctype_b_loc,D:/Code/Repos/r10k_cpp/home/yoyo/work/SmallerC-master/v0100/smlrc.c,1285,1310,5,SmallerC-master
strchr,strchr,D:/Code/Repos/r10k_cpp/home/yoyo/work/SmallerC-master/v0100/smlrc.c,1313,1441,40,SmallerC-master
strchr,strchr,D:/Code/Repos/r10k_cpp/home/yoyo/work/SmallerC-master/v0100/smlrc.c,1313,1441,40,SmallerC-master
__ctype_b_loc,__ctype_b_loc,D:/Code/Repos/r10k_cpp/home/yoyo/work/SmallerC-master/v0100/smlrc.c,1313,1441,40,SmallerC-master
strchr,strchr,D:/Code/Repos/r10k_cpp/home/yoyo/work/SmallerC-master/v0100/smlrc.c,1313,1441,40,SmallerC-master
__ctype_b_loc,__ctype_b_loc,D:/Code/Repos/r10k_cpp/home/yoyo/work/SmallerC-master/v0100/smlrc.c,1465,1589,38,SmallerC-master
strchr,strchr,D:/Code/Repos/r10k_cpp/home/yoyo/work/SmallerC-master/v0100/smlrc.c,1465,1589,38,SmallerC-master
strchr,strchr,D:/Code/Repos/r10k_cpp/home/yoyo/work/SmallerC-master/v0100/smlrc.c,1592,1676,25,SmallerC-master
__ctype_b_loc,__ctype_b_loc,D:/Code/Repos/r10k_cpp/home/yoyo/work/SmallerC-master/v0100/smlrc.c,1592,1676,25,SmallerC-master
memmove,memmove,D:/Code/Repos/r10k_cpp/home/yoyo/work/SmallerC-master/v0100/smlrc.c,1680,1690,0,SmallerC-master
__ctype_b_loc,__ctype_b_loc,D:/Code/Repos/r10k_cpp/home/yoyo/work/SmallerC-master/v0100/smlrc.c,1696,2094,130,SmallerC-master
strcmp,strcmp,D:/Code/Repos/r10k_cpp/home/yoyo/work/SmallerC-master/v0100/smlrc.c,1696,2094,130,SmallerC-master
strlen,strlen,D:/Code/Repos/r10k_cpp/home/yoyo/work/SmallerC-master/v0100/smlrc.c,1696,2094,130,SmallerC-master
memcpy,memcpy,D:/Code/Repos/r10k_cpp/home/yoyo/work/SmallerC-master/v0100/smlrc.c,1696,2094,130,SmallerC-master
strcmp,strcmp,D:/Code/Repos/r10k_cpp/home/yoyo/work/SmallerC-master/v0100/smlrc.c,1696,2094,130,SmallerC-master
memcpy,memcpy,D:/Code/Repos/r10k_cpp/home/yoyo/work/SmallerC-master/v0100/smlrc.c,1696,2094,130,SmallerC-master
memcpy,memcpy,D:/Code/Repos/r10k_cpp/home/yoyo/work/SmallerC-master/v0100/smlrc.c,1696,2094,130,SmallerC-master
strchr,strchr,D:/Code/Repos/r10k_cpp/home/yoyo/work/SmallerC-master/v0100/smlrc.c,1696,2094,130,SmallerC-master
__ctype_b_loc,__ctype_b_loc,D:/Code/Repos/r10k_cpp/home/yoyo/work/SmallerC-master/v0100/smlrc.c,1696,2094,130,SmallerC-master
strcmp,strcmp,D:/Code/Repos/r10k_cpp/home/yoyo/work/SmallerC-master/v0100/smlrc.c,1696,2094,130,SmallerC-master
__ctype_b_loc,__ctype_b_loc,D:/Code/Repos/r10k_cpp/home/yoyo/work/SmallerC-master/v0100/smlrc.c,1696,2094,130,SmallerC-master
strlen,strlen,D:/Code/Repos/r10k_cpp/home/yoyo/work/SmallerC-master/v0100/smlrc.c,1696,2094,130,SmallerC-master
strcpy,strcpy,D:/Code/Repos/r10k_cpp/home/yoyo/work/SmallerC-master/v0100/smlrc.c,1696,2094,130,SmallerC-master
strchr,strchr,D:/Code/Repos/r10k_cpp/home/yoyo/work/SmallerC-master/v0100/smlrc.c,1696,2094,130,SmallerC-master
strcmp,strcmp,D:/Code/Repos/r10k_cpp/home/yoyo/work/SmallerC-master/v0100/smlrc.c,1696,2094,130,SmallerC-master
strchr,strchr,D:/Code/Repos/r10k_cpp/home/yoyo/work/SmallerC-master/v0100/smlrc.c,1696,2094,130,SmallerC-master
strcmp,strcmp,D:/Code/Repos/r10k_cpp/home/yoyo/work/SmallerC-master/v0100/smlrc.c,1696,2094,130,SmallerC-master
strcmp,strcmp,D:/Code/Repos/r10k_cpp/home/yoyo/work/SmallerC-master/v0100/smlrc.c,1696,2094,130,SmallerC-master
__ctype_b_loc,__ctype_b_loc,D:/Code/Repos/r10k_cpp/home/yoyo/work/SmallerC-master/v0100/smlrc.c,1696,2094,130,SmallerC-master
strcmp,strcmp,D:/Code/Repos/r10k_cpp/home/yoyo/work/SmallerC-master/v0100/smlrc.c,1696,2094,130,SmallerC-master
__ctype_b_loc,__ctype_b_loc,D:/Code/Repos/r10k_cpp/home/yoyo/work/SmallerC-master/v0100/smlrc.c,1696,2094,130,SmallerC-master
strchr,strchr,D:/Code/Repos/r10k_cpp/home/yoyo/work/SmallerC-master/v0100/smlrc.c,1696,2094,130,SmallerC-master
strcmp,strcmp,D:/Code/Repos/r10k_cpp/home/yoyo/work/SmallerC-master/v0100/smlrc.c,1696,2094,130,SmallerC-master
strchr,strchr,D:/Code/Repos/r10k_cpp/home/yoyo/work/SmallerC-master/v0100/smlrc.c,1696,2094,130,SmallerC-master
strchr,strchr,D:/Code/Repos/r10k_cpp/home/yoyo/work/SmallerC-master/v0100/smlrc.c,1696,2094,130,SmallerC-master
strchr,strchr,D:/Code/Repos/r10k_cpp/home/yoyo/work/SmallerC-master/v0100/smlrc.c,1696,2094,130,SmallerC-master
strcmp,strcmp,D:/Code/Repos/r10k_cpp/home/yoyo/work/SmallerC-master/v0100/smlrc.c,1696,2094,130,SmallerC-master
strchr,strchr,D:/Code/Repos/r10k_cpp/home/yoyo/work/SmallerC-master/v0100/smlrc.c,1696,2094,130,SmallerC-master
strcmp,strcmp,D:/Code/Repos/r10k_cpp/home/yoyo/work/SmallerC-master/v0100/smlrc.c,1696,2094,130,SmallerC-master
strchr,strchr,D:/Code/Repos/r10k_cpp/home/yoyo/work/SmallerC-master/v0100/smlrc.c,1696,2094,130,SmallerC-master
strcmp,strcmp,D:/Code/Repos/r10k_cpp/home/yoyo/work/SmallerC-master/v0100/smlrc.c,1696,2094,130,SmallerC-master
strchr,strchr,D:/Code/Repos/r10k_cpp/home/yoyo/work/SmallerC-master/v0100/smlrc.c,1696,2094,130,SmallerC-master
strcmp,strcmp,D:/Code/Repos/r10k_cpp/home/yoyo/work/SmallerC-master/v0100/smlrc.c,1696,2094,130,SmallerC-master
strchr,strchr,D:/Code/Repos/r10k_cpp/home/yoyo/work/SmallerC-master/v0100/smlrc.c,1696,2094,130,SmallerC-master
strcmp,strcmp,D:/Code/Repos/r10k_cpp/home/yoyo/work/SmallerC-master/v0100/smlrc.c,1696,2094,130,SmallerC-master
strchr,strchr,D:/Code/Repos/r10k_cpp/home/yoyo/work/SmallerC-master/v0100/smlrc.c,1696,2094,130,SmallerC-master
strcmp,strcmp,D:/Code/Repos/r10k_cpp/home/yoyo/work/SmallerC-master/v0100/smlrc.c,1696,2094,130,SmallerC-master
strchr,strchr,D:/Code/Repos/r10k_cpp/home/yoyo/work/SmallerC-master/v0100/smlrc.c,1696,2094,130,SmallerC-master
strcmp,strcmp,D:/Code/Repos/r10k_cpp/home/yoyo/work/SmallerC-master/v0100/smlrc.c,1696,2094,130,SmallerC-master
strcmp,strcmp,D:/Code/Repos/r10k_cpp/home/yoyo/work/SmallerC-master/v0100/smlrc.c,1696,2094,130,SmallerC-master
memmove,memmove,D:/Code/Repos/r10k_cpp/home/yoyo/work/SmallerC-master/v0100/smlrc.c,2152,2161,0,SmallerC-master
memmove,memmove,D:/Code/Repos/r10k_cpp/home/yoyo/work/SmallerC-master/v0100/smlrc.c,2170,2176,0,SmallerC-master
strchr,strchr,D:/Code/Repos/r10k_cpp/home/yoyo/work/SmallerC-master/v0100/smlrc.c,2319,2600,91,SmallerC-master
memcpy,memcpy,D:/Code/Repos/r10k_cpp/home/yoyo/work/SmallerC-master/v0100/smlrc.c,2319,2600,91,SmallerC-master
strchr,strchr,D:/Code/Repos/r10k_cpp/home/yoyo/work/SmallerC-master/v0100/smlrc.c,2603,2679,22,SmallerC-master
strcmp,strcmp,D:/Code/Repos/r10k_cpp/home/yoyo/work/SmallerC-master/v0100/smlrc.c,3092,4517,472,SmallerC-master
strncmp,strncmp,D:/Code/Repos/r10k_cpp/home/yoyo/work/SmallerC-master/v0100/smlrc.c,3092,4517,472,SmallerC-master
strchr,strchr,D:/Code/Repos/r10k_cpp/home/yoyo/work/SmallerC-master/v0100/smlrc.c,4520,4683,51,SmallerC-master
__ctype_b_loc,__ctype_b_loc,D:/Code/Repos/r10k_cpp/home/yoyo/work/SmallerC-master/v0100/smlrc.c,4520,4683,51,SmallerC-master
fputs,fputs,D:/Code/Repos/r10k_cpp/home/yoyo/work/SmallerC-master/v0100/smlrc.c,4738,4751,1,SmallerC-master
fputc,fputc,D:/Code/Repos/r10k_cpp/home/yoyo/work/SmallerC-master/v0100/smlrc.c,4738,4751,1,SmallerC-master
vfprintf,vfprintf,D:/Code/Repos/r10k_cpp/home/yoyo/work/SmallerC-master/v0100/smlrc.c,4755,4792,9,SmallerC-master
fclose,fclose,D:/Code/Repos/r10k_cpp/home/yoyo/work/SmallerC-master/v0100/smlrc.c,4795,4862,19,SmallerC-master
fclose,fclose,D:/Code/Repos/r10k_cpp/home/yoyo/work/SmallerC-master/v0100/smlrc.c,4795,4862,19,SmallerC-master
printf,printf,D:/Code/Repos/r10k_cpp/home/yoyo/work/SmallerC-master/v0100/smlrc.c,4795,4862,19,SmallerC-master
vprintf,vprintf,D:/Code/Repos/r10k_cpp/home/yoyo/work/SmallerC-master/v0100/smlrc.c,4795,4862,19,SmallerC-master
exit,exit,D:/Code/Repos/r10k_cpp/home/yoyo/work/SmallerC-master/v0100/smlrc.c,4795,4862,19,SmallerC-master
printf,printf,D:/Code/Repos/r10k_cpp/home/yoyo/work/SmallerC-master/v0100/smlrc.c,4865,4904,10,SmallerC-master
vprintf,vprintf,D:/Code/Repos/r10k_cpp/home/yoyo/work/SmallerC-master/v0100/smlrc.c,4865,4904,10,SmallerC-master
memmove,memmove,D:/Code/Repos/r10k_cpp/home/yoyo/work/SmallerC-master/v0100/smlrc.c,5065,5078,1,SmallerC-master
memmove,memmove,D:/Code/Repos/r10k_cpp/home/yoyo/work/SmallerC-master/v0100/smlrc.c,5065,5078,1,SmallerC-master
memmove,memmove,D:/Code/Repos/r10k_cpp/home/yoyo/work/SmallerC-master/v0100/smlrc.c,5087,5096,0,SmallerC-master
memmove,memmove,D:/Code/Repos/r10k_cpp/home/yoyo/work/SmallerC-master/v0100/smlrc.c,5087,5096,0,SmallerC-master
strcmp,strcmp,D:/Code/Repos/r10k_cpp/home/yoyo/work/SmallerC-master/v0100/smlrc.c,5099,5131,8,SmallerC-master
strcmp,strcmp,D:/Code/Repos/r10k_cpp/home/yoyo/work/SmallerC-master/v0100/smlrc.c,5162,5194,8,SmallerC-master
strcmp,strcmp,D:/Code/Repos/r10k_cpp/home/yoyo/work/SmallerC-master/v0100/smlrc.c,5199,5238,10,SmallerC-master
strcmp,strcmp,D:/Code/Repos/r10k_cpp/home/yoyo/work/SmallerC-master/v0100/smlrc.c,5394,5535,44,SmallerC-master
strchr,strchr,D:/Code/Repos/r10k_cpp/home/yoyo/work/SmallerC-master/v0100/smlrc.c,5972,6083,34,SmallerC-master
strchr,strchr,D:/Code/Repos/r10k_cpp/home/yoyo/work/SmallerC-master/v0100/smlrc.c,6147,6186,10,SmallerC-master
strchr,strchr,D:/Code/Repos/r10k_cpp/home/yoyo/work/SmallerC-master/v0100/smlrc.c,6467,7056,193,SmallerC-master
strcmp,strcmp,D:/Code/Repos/r10k_cpp/home/yoyo/work/SmallerC-master/v0100/smlrc.c,6467,7056,193,SmallerC-master
strcmp,strcmp,D:/Code/Repos/r10k_cpp/home/yoyo/work/SmallerC-master/v0100/smlrc.c,6467,7056,193,SmallerC-master
strcmp,strcmp,D:/Code/Repos/r10k_cpp/home/yoyo/work/SmallerC-master/v0100/smlrc.c,6467,7056,193,SmallerC-master
printf,printf,D:/Code/Repos/r10k_cpp/home/yoyo/work/SmallerC-master/v0100/smlrc.c,6467,7056,193,SmallerC-master
strlen,strlen,D:/Code/Repos/r10k_cpp/home/yoyo/work/SmallerC-master/v0100/smlrc.c,6467,7056,193,SmallerC-master
strcmp,strcmp,D:/Code/Repos/r10k_cpp/home/yoyo/work/SmallerC-master/v0100/smlrc.c,7059,7168,33,SmallerC-master
memcpy,memcpy,D:/Code/Repos/r10k_cpp/home/yoyo/work/SmallerC-master/v0100/smlrc.c,7294,8081,259,SmallerC-master
memcpy,memcpy,D:/Code/Repos/r10k_cpp/home/yoyo/work/SmallerC-master/v0100/smlrc.c,7294,8081,259,SmallerC-master
memcpy,memcpy,D:/Code/Repos/r10k_cpp/home/yoyo/work/SmallerC-master/v0100/smlrc.c,8126,8368,78,SmallerC-master
strcmp,strcmp,D:/Code/Repos/r10k_cpp/home/yoyo/work/SmallerC-master/v0100/smlrc.c,8126,8368,78,SmallerC-master
strcmp,strcmp,D:/Code/Repos/r10k_cpp/home/yoyo/work/SmallerC-master/v0100/smlrc.c,8126,8368,78,SmallerC-master
strcmp,strcmp,D:/Code/Repos/r10k_cpp/home/yoyo/work/SmallerC-master/v0100/smlrc.c,8126,8368,78,SmallerC-master
strcmp,strcmp,D:/Code/Repos/r10k_cpp/home/yoyo/work/SmallerC-master/v0100/smlrc.c,8126,8368,78,SmallerC-master
strcmp,strcmp,D:/Code/Repos/r10k_cpp/home/yoyo/work/SmallerC-master/v0100/smlrc.c,8126,8368,78,SmallerC-master
atoi,atoi,D:/Code/Repos/r10k_cpp/home/yoyo/work/SmallerC-master/v0100/smlrc.c,8126,8368,78,SmallerC-master
strcmp,strcmp,D:/Code/Repos/r10k_cpp/home/yoyo/work/SmallerC-master/v0100/smlrc.c,8126,8368,78,SmallerC-master
strcmp,strcmp,D:/Code/Repos/r10k_cpp/home/yoyo/work/SmallerC-master/v0100/smlrc.c,8126,8368,78,SmallerC-master
strcmp,strcmp,D:/Code/Repos/r10k_cpp/home/yoyo/work/SmallerC-master/v0100/smlrc.c,8126,8368,78,SmallerC-master
strcmp,strcmp,D:/Code/Repos/r10k_cpp/home/yoyo/work/SmallerC-master/v0100/smlrc.c,8126,8368,78,SmallerC-master
strcmp,strcmp,D:/Code/Repos/r10k_cpp/home/yoyo/work/SmallerC-master/v0100/smlrc.c,8126,8368,78,SmallerC-master
strlen,strlen,D:/Code/Repos/r10k_cpp/home/yoyo/work/SmallerC-master/v0100/smlrc.c,8126,8368,78,SmallerC-master
strcpy,strcpy,D:/Code/Repos/r10k_cpp/home/yoyo/work/SmallerC-master/v0100/smlrc.c,8126,8368,78,SmallerC-master
strcpy,strcpy,D:/Code/Repos/r10k_cpp/home/yoyo/work/SmallerC-master/v0100/smlrc.c,8126,8368,78,SmallerC-master
strcmp,strcmp,D:/Code/Repos/r10k_cpp/home/yoyo/work/SmallerC-master/v0100/smlrc.c,8126,8368,78,SmallerC-master
strchr,strchr,D:/Code/Repos/r10k_cpp/home/yoyo/work/SmallerC-master/v0100/smlrc.c,8126,8368,78,SmallerC-master
strlen,strlen,D:/Code/Repos/r10k_cpp/home/yoyo/work/SmallerC-master/v0100/smlrc.c,8126,8368,78,SmallerC-master
memcpy,memcpy,D:/Code/Repos/r10k_cpp/home/yoyo/work/SmallerC-master/v0100/smlrc.c,8126,8368,78,SmallerC-master
__ctype_b_loc,__ctype_b_loc,D:/Code/Repos/r10k_cpp/home/yoyo/work/SmallerC-master/v0100/smlrc.c,8126,8368,78,SmallerC-master
__ctype_b_loc,__ctype_b_loc,D:/Code/Repos/r10k_cpp/home/yoyo/work/SmallerC-master/v0100/smlrc.c,8126,8368,78,SmallerC-master
strlen,strlen,D:/Code/Repos/r10k_cpp/home/yoyo/work/SmallerC-master/v0100/smlrc.c,8126,8368,78,SmallerC-master
strcpy,strcpy,D:/Code/Repos/r10k_cpp/home/yoyo/work/SmallerC-master/v0100/smlrc.c,8126,8368,78,SmallerC-master
fopen,fopen,D:/Code/Repos/r10k_cpp/home/yoyo/work/SmallerC-master/v0100/smlrc.c,8126,8368,78,SmallerC-master
fopen,fopen,D:/Code/Repos/r10k_cpp/home/yoyo/work/SmallerC-master/v0100/smlrc.c,8126,8368,78,SmallerC-master
printf,printf,D:/Code/Repos/r10k_cpp/home/yoyo/work/SmallerC-master/v0100/smlrc.c,8126,8368,78,SmallerC-master
fclose,fclose,D:/Code/Repos/r10k_cpp/home/yoyo/work/SmallerC-master/v0100/smlrc.c,8126,8368,78,SmallerC-master
fclose,fclose,D:/Code/Repos/r10k_cpp/home/yoyo/work/SmallerC-master/v0100/n2f.c,98,125,6,SmallerC-master
fclose,fclose,D:/Code/Repos/r10k_cpp/home/yoyo/work/SmallerC-master/v0100/n2f.c,98,125,6,SmallerC-master
remove,remove,D:/Code/Repos/r10k_cpp/home/yoyo/work/SmallerC-master/v0100/n2f.c,98,125,6,SmallerC-master
remove,remove,D:/Code/Repos/r10k_cpp/home/yoyo/work/SmallerC-master/v0100/n2f.c,98,125,6,SmallerC-master
puts,puts,D:/Code/Repos/r10k_cpp/home/yoyo/work/SmallerC-master/v0100/n2f.c,98,125,6,SmallerC-master
vprintf,vprintf,D:/Code/Repos/r10k_cpp/home/yoyo/work/SmallerC-master/v0100/n2f.c,98,125,6,SmallerC-master
exit,exit,D:/Code/Repos/r10k_cpp/home/yoyo/work/SmallerC-master/v0100/n2f.c,98,125,6,SmallerC-master
strcmp,strcmp,D:/Code/Repos/r10k_cpp/home/yoyo/work/SmallerC-master/v0100/n2f.c,144,154,0,SmallerC-master
strcpy,strcpy,D:/Code/Repos/r10k_cpp/home/yoyo/work/SmallerC-master/v0100/n2f.c,144,154,0,SmallerC-master
strcmp,strcmp,D:/Code/Repos/r10k_cpp/home/yoyo/work/SmallerC-master/v0100/n2f.c,175,211,9,SmallerC-master
strcmp,strcmp,D:/Code/Repos/r10k_cpp/home/yoyo/work/SmallerC-master/v0100/n2f.c,175,211,9,SmallerC-master
strcmp,strcmp,D:/Code/Repos/r10k_cpp/home/yoyo/work/SmallerC-master/v0100/n2f.c,175,211,9,SmallerC-master
strcmp,strcmp,D:/Code/Repos/r10k_cpp/home/yoyo/work/SmallerC-master/v0100/n2f.c,175,211,9,SmallerC-master
strcmp,strcmp,D:/Code/Repos/r10k_cpp/home/yoyo/work/SmallerC-master/v0100/n2f.c,175,211,9,SmallerC-master
strcmp,strcmp,D:/Code/Repos/r10k_cpp/home/yoyo/work/SmallerC-master/v0100/n2f.c,175,211,9,SmallerC-master
strcmp,strcmp,D:/Code/Repos/r10k_cpp/home/yoyo/work/SmallerC-master/v0100/n2f.c,175,211,9,SmallerC-master
strcmp,strcmp,D:/Code/Repos/r10k_cpp/home/yoyo/work/SmallerC-master/v0100/n2f.c,175,211,9,SmallerC-master
strcmp,strcmp,D:/Code/Repos/r10k_cpp/home/yoyo/work/SmallerC-master/v0100/n2f.c,175,211,9,SmallerC-master
fgetc,fgetc,D:/Code/Repos/r10k_cpp/home/yoyo/work/SmallerC-master/v0100/n2f.c,213,222,0,SmallerC-master
ungetc,ungetc,D:/Code/Repos/r10k_cpp/home/yoyo/work/SmallerC-master/v0100/n2f.c,213,222,0,SmallerC-master
fgetc,fgetc,D:/Code/Repos/r10k_cpp/home/yoyo/work/SmallerC-master/v0100/n2f.c,224,230,0,SmallerC-master
fgetc,fgetc,D:/Code/Repos/r10k_cpp/home/yoyo/work/SmallerC-master/v0100/n2f.c,224,230,0,SmallerC-master
ungetc,ungetc,D:/Code/Repos/r10k_cpp/home/yoyo/work/SmallerC-master/v0100/n2f.c,224,230,0,SmallerC-master
fgetc,fgetc,D:/Code/Repos/r10k_cpp/home/yoyo/work/SmallerC-master/v0100/n2f.c,232,252,4,SmallerC-master
ungetc,ungetc,D:/Code/Repos/r10k_cpp/home/yoyo/work/SmallerC-master/v0100/n2f.c,232,252,4,SmallerC-master
fgetc,fgetc,D:/Code/Repos/r10k_cpp/home/yoyo/work/SmallerC-master/v0100/n2f.c,254,262,0,SmallerC-master
fputc,fputc,D:/Code/Repos/r10k_cpp/home/yoyo/work/SmallerC-master/v0100/n2f.c,254,262,0,SmallerC-master
fgetc,fgetc,D:/Code/Repos/r10k_cpp/home/yoyo/work/SmallerC-master/v0100/n2f.c,254,262,0,SmallerC-master
ungetc,ungetc,D:/Code/Repos/r10k_cpp/home/yoyo/work/SmallerC-master/v0100/n2f.c,254,262,0,SmallerC-master
fputc,fputc,D:/Code/Repos/r10k_cpp/home/yoyo/work/SmallerC-master/v0100/n2f.c,254,262,0,SmallerC-master
ftell,ftell,D:/Code/Repos/r10k_cpp/home/yoyo/work/SmallerC-master/v0100/n2f.c,264,312,13,SmallerC-master
strcmp,strcmp,D:/Code/Repos/r10k_cpp/home/yoyo/work/SmallerC-master/v0100/n2f.c,264,312,13,SmallerC-master
ftell,ftell,D:/Code/Repos/r10k_cpp/home/yoyo/work/SmallerC-master/v0100/n2f.c,264,312,13,SmallerC-master
feof,feof,D:/Code/Repos/r10k_cpp/home/yoyo/work/SmallerC-master/v0100/n2f.c,264,312,13,SmallerC-master
ferror,ferror,D:/Code/Repos/r10k_cpp/home/yoyo/work/SmallerC-master/v0100/n2f.c,264,312,13,SmallerC-master
ftell,ftell,D:/Code/Repos/r10k_cpp/home/yoyo/work/SmallerC-master/v0100/n2f.c,264,312,13,SmallerC-master
qsort,qsort,D:/Code/Repos/r10k_cpp/home/yoyo/work/SmallerC-master/v0100/n2f.c,264,312,13,SmallerC-master
fseek,fseek,D:/Code/Repos/r10k_cpp/home/yoyo/work/SmallerC-master/v0100/n2f.c,314,377,18,SmallerC-master
fputc,fputc,D:/Code/Repos/r10k_cpp/home/yoyo/work/SmallerC-master/v0100/n2f.c,314,377,18,SmallerC-master
fputc,fputc,D:/Code/Repos/r10k_cpp/home/yoyo/work/SmallerC-master/v0100/n2f.c,314,377,18,SmallerC-master
strcmp,strcmp,D:/Code/Repos/r10k_cpp/home/yoyo/work/SmallerC-master/v0100/n2f.c,314,377,18,SmallerC-master
fputs,fputs,D:/Code/Repos/r10k_cpp/home/yoyo/work/SmallerC-master/v0100/n2f.c,314,377,18,SmallerC-master
strcmp,strcmp,D:/Code/Repos/r10k_cpp/home/yoyo/work/SmallerC-master/v0100/n2f.c,314,377,18,SmallerC-master
fputc,fputc,D:/Code/Repos/r10k_cpp/home/yoyo/work/SmallerC-master/v0100/n2f.c,314,377,18,SmallerC-master
fputs,fputs,D:/Code/Repos/r10k_cpp/home/yoyo/work/SmallerC-master/v0100/n2f.c,314,377,18,SmallerC-master
strcmp,strcmp,D:/Code/Repos/r10k_cpp/home/yoyo/work/SmallerC-master/v0100/n2f.c,314,377,18,SmallerC-master
fputs,fputs,D:/Code/Repos/r10k_cpp/home/yoyo/work/SmallerC-master/v0100/n2f.c,314,377,18,SmallerC-master
strcmp,strcmp,D:/Code/Repos/r10k_cpp/home/yoyo/work/SmallerC-master/v0100/n2f.c,314,377,18,SmallerC-master
fputs,fputs,D:/Code/Repos/r10k_cpp/home/yoyo/work/SmallerC-master/v0100/n2f.c,314,377,18,SmallerC-master
strcmp,strcmp,D:/Code/Repos/r10k_cpp/home/yoyo/work/SmallerC-master/v0100/n2f.c,314,377,18,SmallerC-master
fputs,fputs,D:/Code/Repos/r10k_cpp/home/yoyo/work/SmallerC-master/v0100/n2f.c,314,377,18,SmallerC-master
strcmp,strcmp,D:/Code/Repos/r10k_cpp/home/yoyo/work/SmallerC-master/v0100/n2f.c,314,377,18,SmallerC-master
fputs,fputs,D:/Code/Repos/r10k_cpp/home/yoyo/work/SmallerC-master/v0100/n2f.c,314,377,18,SmallerC-master
strcmp,strcmp,D:/Code/Repos/r10k_cpp/home/yoyo/work/SmallerC-master/v0100/n2f.c,314,377,18,SmallerC-master
fputs,fputs,D:/Code/Repos/r10k_cpp/home/yoyo/work/SmallerC-master/v0100/n2f.c,314,377,18,SmallerC-master
fputs,fputs,D:/Code/Repos/r10k_cpp/home/yoyo/work/SmallerC-master/v0100/n2f.c,314,377,18,SmallerC-master
ftell,ftell,D:/Code/Repos/r10k_cpp/home/yoyo/work/SmallerC-master/v0100/n2f.c,314,377,18,SmallerC-master
strcmp,strcmp,D:/Code/Repos/r10k_cpp/home/yoyo/work/SmallerC-master/v0100/n2f.c,379,410,7,SmallerC-master
fputs,fputs,D:/Code/Repos/r10k_cpp/home/yoyo/work/SmallerC-master/v0100/n2f.c,379,410,7,SmallerC-master
strcmp,strcmp,D:/Code/Repos/r10k_cpp/home/yoyo/work/SmallerC-master/v0100/n2f.c,379,410,7,SmallerC-master
strcmp,strcmp,D:/Code/Repos/r10k_cpp/home/yoyo/work/SmallerC-master/v0100/n2f.c,379,410,7,SmallerC-master
strcmp,strcmp,D:/Code/Repos/r10k_cpp/home/yoyo/work/SmallerC-master/v0100/n2f.c,379,410,7,SmallerC-master
fprintf,fprintf,D:/Code/Repos/r10k_cpp/home/yoyo/work/SmallerC-master/v0100/n2f.c,379,410,7,SmallerC-master
tmpnam,tmpnam,D:/Code/Repos/r10k_cpp/home/yoyo/work/SmallerC-master/v0100/n2f.c,412,451,10,SmallerC-master
fopen,fopen,D:/Code/Repos/r10k_cpp/home/yoyo/work/SmallerC-master/v0100/n2f.c,412,451,10,SmallerC-master
fopen,fopen,D:/Code/Repos/r10k_cpp/home/yoyo/work/SmallerC-master/v0100/n2f.c,412,451,10,SmallerC-master
ferror,ferror,D:/Code/Repos/r10k_cpp/home/yoyo/work/SmallerC-master/v0100/n2f.c,412,451,10,SmallerC-master
ferror,ferror,D:/Code/Repos/r10k_cpp/home/yoyo/work/SmallerC-master/v0100/n2f.c,412,451,10,SmallerC-master
fclose,fclose,D:/Code/Repos/r10k_cpp/home/yoyo/work/SmallerC-master/v0100/n2f.c,412,451,10,SmallerC-master
fclose,fclose,D:/Code/Repos/r10k_cpp/home/yoyo/work/SmallerC-master/v0100/n2f.c,412,451,10,SmallerC-master
strlen,strlen,D:/Code/Repos/r10k_cpp/home/yoyo/work/SmallerC-master/v0100/n2f.c,453,491,10,SmallerC-master
strlen,strlen,D:/Code/Repos/r10k_cpp/home/yoyo/work/SmallerC-master/v0100/n2f.c,453,491,10,SmallerC-master
strlen,strlen,D:/Code/Repos/r10k_cpp/home/yoyo/work/SmallerC-master/v0100/n2f.c,453,491,10,SmallerC-master
strlen,strlen,D:/Code/Repos/r10k_cpp/home/yoyo/work/SmallerC-master/v0100/n2f.c,453,491,10,SmallerC-master
malloc,malloc,D:/Code/Repos/r10k_cpp/home/yoyo/work/SmallerC-master/v0100/n2f.c,453,491,10,SmallerC-master
strcpy,strcpy,D:/Code/Repos/r10k_cpp/home/yoyo/work/SmallerC-master/v0100/n2f.c,453,491,10,SmallerC-master
strcat,strcat,D:/Code/Repos/r10k_cpp/home/yoyo/work/SmallerC-master/v0100/n2f.c,453,491,10,SmallerC-master
strcat,strcat,D:/Code/Repos/r10k_cpp/home/yoyo/work/SmallerC-master/v0100/n2f.c,453,491,10,SmallerC-master
strcat,strcat,D:/Code/Repos/r10k_cpp/home/yoyo/work/SmallerC-master/v0100/n2f.c,453,491,10,SmallerC-master
strcat,strcat,D:/Code/Repos/r10k_cpp/home/yoyo/work/SmallerC-master/v0100/n2f.c,453,491,10,SmallerC-master
system,system,D:/Code/Repos/r10k_cpp/home/yoyo/work/SmallerC-master/v0100/n2f.c,453,491,10,SmallerC-master
strcmp,strcmp,D:/Code/Repos/r10k_cpp/home/yoyo/work/SmallerC-master/v0100/n2f.c,493,551,16,SmallerC-master
strcmp,strcmp,D:/Code/Repos/r10k_cpp/home/yoyo/work/SmallerC-master/v0100/n2f.c,493,551,16,SmallerC-master
strcmp,strcmp,D:/Code/Repos/r10k_cpp/home/yoyo/work/SmallerC-master/v0100/n2f.c,493,551,16,SmallerC-master
strcmp,strcmp,D:/Code/Repos/r10k_cpp/home/yoyo/work/SmallerC-master/v0100/n2f.c,493,551,16,SmallerC-master
strcmp,strcmp,D:/Code/Repos/r10k_cpp/home/yoyo/work/SmallerC-master/v0100/n2f.c,493,551,16,SmallerC-master
strcmp,strcmp,D:/Code/Repos/r10k_cpp/home/yoyo/work/SmallerC-master/v0100/n2f.c,493,551,16,SmallerC-master
strcmp,strcmp,D:/Code/Repos/r10k_cpp/home/yoyo/work/SmallerC-master/v0100/n2f.c,493,551,16,SmallerC-master
remove,remove,D:/Code/Repos/r10k_cpp/home/yoyo/work/SmallerC-master/v0100/n2f.c,493,551,16,SmallerC-master
fclose,fclose,D:/Code/Repos/r10k_cpp/home/yoyo/work/SmallerC-master/v0100/smlrl.c,561,604,11,SmallerC-master
remove,remove,D:/Code/Repos/r10k_cpp/home/yoyo/work/SmallerC-master/v0100/smlrl.c,561,604,11,SmallerC-master
puts,puts,D:/Code/Repos/r10k_cpp/home/yoyo/work/SmallerC-master/v0100/smlrl.c,561,604,11,SmallerC-master
vprintf,vprintf,D:/Code/Repos/r10k_cpp/home/yoyo/work/SmallerC-master/v0100/smlrl.c,561,604,11,SmallerC-master
exit,exit,D:/Code/Repos/r10k_cpp/home/yoyo/work/SmallerC-master/v0100/smlrl.c,561,604,11,SmallerC-master
malloc,malloc,D:/Code/Repos/r10k_cpp/home/yoyo/work/SmallerC-master/v0100/smlrl.c,631,637,0,SmallerC-master
realloc,realloc,D:/Code/Repos/r10k_cpp/home/yoyo/work/SmallerC-master/v0100/smlrl.c,639,645,0,SmallerC-master
realloc,realloc,D:/Code/Repos/r10k_cpp/home/yoyo/work/SmallerC-master/v0100/smlrl.c,647,671,5,SmallerC-master
memset,memset,D:/Code/Repos/r10k_cpp/home/yoyo/work/SmallerC-master/v0100/smlrl.c,647,671,5,SmallerC-master
fopen,fopen,D:/Code/Repos/r10k_cpp/home/yoyo/work/SmallerC-master/v0100/smlrl.c,692,700,0,SmallerC-master
fclose,fclose,D:/Code/Repos/r10k_cpp/home/yoyo/work/SmallerC-master/v0100/smlrl.c,702,707,1,SmallerC-master
fseek,fseek,D:/Code/Repos/r10k_cpp/home/yoyo/work/SmallerC-master/v0100/smlrl.c,709,714,1,SmallerC-master
fread,fread,D:/Code/Repos/r10k_cpp/home/yoyo/work/SmallerC-master/v0100/smlrl.c,716,721,1,SmallerC-master
fwrite,fwrite,D:/Code/Repos/r10k_cpp/home/yoyo/work/SmallerC-master/v0100/smlrl.c,723,728,1,SmallerC-master
memset,memset,D:/Code/Repos/r10k_cpp/home/yoyo/work/SmallerC-master/v0100/smlrl.c,730,742,1,SmallerC-master
memset,memset,D:/Code/Repos/r10k_cpp/home/yoyo/work/SmallerC-master/v0100/smlrl.c,755,987,74,SmallerC-master
printf,printf,D:/Code/Repos/r10k_cpp/home/yoyo/work/SmallerC-master/v0100/smlrl.c,755,987,74,SmallerC-master
memcmp,memcmp,D:/Code/Repos/r10k_cpp/home/yoyo/work/SmallerC-master/v0100/smlrl.c,755,987,74,SmallerC-master
printf,printf,D:/Code/Repos/r10k_cpp/home/yoyo/work/SmallerC-master/v0100/smlrl.c,755,987,74,SmallerC-master
memset,memset,D:/Code/Repos/r10k_cpp/home/yoyo/work/SmallerC-master/v0100/smlrl.c,755,987,74,SmallerC-master
printf,printf,D:/Code/Repos/r10k_cpp/home/yoyo/work/SmallerC-master/v0100/smlrl.c,755,987,74,SmallerC-master
memset,memset,D:/Code/Repos/r10k_cpp/home/yoyo/work/SmallerC-master/v0100/smlrl.c,755,987,74,SmallerC-master
memmove,memmove,D:/Code/Repos/r10k_cpp/home/yoyo/work/SmallerC-master/v0100/smlrl.c,755,987,74,SmallerC-master
realloc,realloc,D:/Code/Repos/r10k_cpp/home/yoyo/work/SmallerC-master/v0100/smlrl.c,755,987,74,SmallerC-master
free,free,D:/Code/Repos/r10k_cpp/home/yoyo/work/SmallerC-master/v0100/smlrl.c,755,987,74,SmallerC-master
qsort,qsort,D:/Code/Repos/r10k_cpp/home/yoyo/work/SmallerC-master/v0100/smlrl.c,755,987,74,SmallerC-master
puts,puts,D:/Code/Repos/r10k_cpp/home/yoyo/work/SmallerC-master/v0100/smlrl.c,755,987,74,SmallerC-master
puts,puts,D:/Code/Repos/r10k_cpp/home/yoyo/work/SmallerC-master/v0100/smlrl.c,755,987,74,SmallerC-master
printf,printf,D:/Code/Repos/r10k_cpp/home/yoyo/work/SmallerC-master/v0100/smlrl.c,755,987,74,SmallerC-master
printf,printf,D:/Code/Repos/r10k_cpp/home/yoyo/work/SmallerC-master/v0100/smlrl.c,755,987,74,SmallerC-master
puts,puts,D:/Code/Repos/r10k_cpp/home/yoyo/work/SmallerC-master/v0100/smlrl.c,755,987,74,SmallerC-master
memcmp,memcmp,D:/Code/Repos/r10k_cpp/home/yoyo/work/SmallerC-master/v0100/smlrl.c,990,1076,26,SmallerC-master
fread,fread,D:/Code/Repos/r10k_cpp/home/yoyo/work/SmallerC-master/v0100/smlrl.c,990,1076,26,SmallerC-master
memcmp,memcmp,D:/Code/Repos/r10k_cpp/home/yoyo/work/SmallerC-master/v0100/smlrl.c,990,1076,26,SmallerC-master
memcmp,memcmp,D:/Code/Repos/r10k_cpp/home/yoyo/work/SmallerC-master/v0100/smlrl.c,990,1076,26,SmallerC-master
memcmp,memcmp,D:/Code/Repos/r10k_cpp/home/yoyo/work/SmallerC-master/v0100/smlrl.c,990,1076,26,SmallerC-master
memcmp,memcmp,D:/Code/Repos/r10k_cpp/home/yoyo/work/SmallerC-master/v0100/smlrl.c,990,1076,26,SmallerC-master
strcmp,strcmp,D:/Code/Repos/r10k_cpp/home/yoyo/work/SmallerC-master/v0100/smlrl.c,1078,1087,0,SmallerC-master
strcmp,strcmp,D:/Code/Repos/r10k_cpp/home/yoyo/work/SmallerC-master/v0100/smlrl.c,1089,1143,15,SmallerC-master
strcmp,strcmp,D:/Code/Repos/r10k_cpp/home/yoyo/work/SmallerC-master/v0100/smlrl.c,1089,1143,15,SmallerC-master
strcmp,strcmp,D:/Code/Repos/r10k_cpp/home/yoyo/work/SmallerC-master/v0100/smlrl.c,1089,1143,15,SmallerC-master
strcmp,strcmp,D:/Code/Repos/r10k_cpp/home/yoyo/work/SmallerC-master/v0100/smlrl.c,1089,1143,15,SmallerC-master
strcmp,strcmp,D:/Code/Repos/r10k_cpp/home/yoyo/work/SmallerC-master/v0100/smlrl.c,1089,1143,15,SmallerC-master
strncmp,strncmp,D:/Code/Repos/r10k_cpp/home/yoyo/work/SmallerC-master/v0100/smlrl.c,1089,1143,15,SmallerC-master
strncmp,strncmp,D:/Code/Repos/r10k_cpp/home/yoyo/work/SmallerC-master/v0100/smlrl.c,1089,1143,15,SmallerC-master
strcmp,strcmp,D:/Code/Repos/r10k_cpp/home/yoyo/work/SmallerC-master/v0100/smlrl.c,1145,1201,16,SmallerC-master
strcmp,strcmp,D:/Code/Repos/r10k_cpp/home/yoyo/work/SmallerC-master/v0100/smlrl.c,1240,1268,6,SmallerC-master
strcmp,strcmp,D:/Code/Repos/r10k_cpp/home/yoyo/work/SmallerC-master/v0100/smlrl.c,1240,1268,6,SmallerC-master
strcmp,strcmp,D:/Code/Repos/r10k_cpp/home/yoyo/work/SmallerC-master/v0100/smlrl.c,1240,1268,6,SmallerC-master
strcmp,strcmp,D:/Code/Repos/r10k_cpp/home/yoyo/work/SmallerC-master/v0100/smlrl.c,1270,1375,32,SmallerC-master
memset,memset,D:/Code/Repos/r10k_cpp/home/yoyo/work/SmallerC-master/v0100/smlrl.c,1270,1375,32,SmallerC-master
qsort,qsort,D:/Code/Repos/r10k_cpp/home/yoyo/work/SmallerC-master/v0100/smlrl.c,1270,1375,32,SmallerC-master
printf,printf,D:/Code/Repos/r10k_cpp/home/yoyo/work/SmallerC-master/v0100/smlrl.c,1270,1375,32,SmallerC-master
printf,printf,D:/Code/Repos/r10k_cpp/home/yoyo/work/SmallerC-master/v0100/smlrl.c,1270,1375,32,SmallerC-master
puts,puts,D:/Code/Repos/r10k_cpp/home/yoyo/work/SmallerC-master/v0100/smlrl.c,1270,1375,32,SmallerC-master
memset,memset,D:/Code/Repos/r10k_cpp/home/yoyo/work/SmallerC-master/v0100/smlrl.c,1270,1375,32,SmallerC-master
strncmp,strncmp,D:/Code/Repos/r10k_cpp/home/yoyo/work/SmallerC-master/v0100/smlrl.c,1270,1375,32,SmallerC-master
strlen,strlen,D:/Code/Repos/r10k_cpp/home/yoyo/work/SmallerC-master/v0100/smlrl.c,1270,1375,32,SmallerC-master
strlen,strlen,D:/Code/Repos/r10k_cpp/home/yoyo/work/SmallerC-master/v0100/smlrl.c,1270,1375,32,SmallerC-master
strcmp,strcmp,D:/Code/Repos/r10k_cpp/home/yoyo/work/SmallerC-master/v0100/smlrl.c,1377,1422,12,SmallerC-master
strcmp,strcmp,D:/Code/Repos/r10k_cpp/home/yoyo/work/SmallerC-master/v0100/smlrl.c,1377,1422,12,SmallerC-master
printf,printf,D:/Code/Repos/r10k_cpp/home/yoyo/work/SmallerC-master/v0100/smlrl.c,1424,1494,20,SmallerC-master
printf,printf,D:/Code/Repos/r10k_cpp/home/yoyo/work/SmallerC-master/v0100/smlrl.c,1496,1551,15,SmallerC-master
memcpy,memcpy,D:/Code/Repos/r10k_cpp/home/yoyo/work/SmallerC-master/v0100/smlrl.c,1496,1551,15,SmallerC-master
strcmp,strcmp,D:/Code/Repos/r10k_cpp/home/yoyo/work/SmallerC-master/v0100/smlrl.c,1732,1953,71,SmallerC-master
strcmp,strcmp,D:/Code/Repos/r10k_cpp/home/yoyo/work/SmallerC-master/v0100/smlrl.c,1732,1953,71,SmallerC-master
strcmp,strcmp,D:/Code/Repos/r10k_cpp/home/yoyo/work/SmallerC-master/v0100/smlrl.c,1732,1953,71,SmallerC-master
printf,printf,D:/Code/Repos/r10k_cpp/home/yoyo/work/SmallerC-master/v0100/smlrl.c,1732,1953,71,SmallerC-master
puts,puts,D:/Code/Repos/r10k_cpp/home/yoyo/work/SmallerC-master/v0100/smlrl.c,1732,1953,71,SmallerC-master
memset,memset,D:/Code/Repos/r10k_cpp/home/yoyo/work/SmallerC-master/v0100/smlrl.c,2027,2194,53,SmallerC-master
fread,fread,D:/Code/Repos/r10k_cpp/home/yoyo/work/SmallerC-master/v0100/smlrl.c,2027,2194,53,SmallerC-master
memcpy,memcpy,D:/Code/Repos/r10k_cpp/home/yoyo/work/SmallerC-master/v0100/smlrl.c,2027,2194,53,SmallerC-master
strcmp,strcmp,D:/Code/Repos/r10k_cpp/home/yoyo/work/SmallerC-master/v0100/smlrl.c,2027,2194,53,SmallerC-master
memset,memset,D:/Code/Repos/r10k_cpp/home/yoyo/work/SmallerC-master/v0100/smlrl.c,2313,2495,58,SmallerC-master
memset,memset,D:/Code/Repos/r10k_cpp/home/yoyo/work/SmallerC-master/v0100/smlrl.c,2313,2495,58,SmallerC-master
fprintf,fprintf,D:/Code/Repos/r10k_cpp/home/yoyo/work/SmallerC-master/v0100/smlrl.c,2520,2584,18,SmallerC-master
fprintf,fprintf,D:/Code/Repos/r10k_cpp/home/yoyo/work/SmallerC-master/v0100/smlrl.c,2520,2584,18,SmallerC-master
fprintf,fprintf,D:/Code/Repos/r10k_cpp/home/yoyo/work/SmallerC-master/v0100/smlrl.c,2520,2584,18,SmallerC-master
strcmp,strcmp,D:/Code/Repos/r10k_cpp/home/yoyo/work/SmallerC-master/v0100/smlrl.c,2520,2584,18,SmallerC-master
fprintf,fprintf,D:/Code/Repos/r10k_cpp/home/yoyo/work/SmallerC-master/v0100/smlrl.c,2520,2584,18,SmallerC-master
fprintf,fprintf,D:/Code/Repos/r10k_cpp/home/yoyo/work/SmallerC-master/v0100/smlrl.c,2520,2584,18,SmallerC-master
fprintf,fprintf,D:/Code/Repos/r10k_cpp/home/yoyo/work/SmallerC-master/v0100/smlrl.c,2520,2584,18,SmallerC-master
fseek,fseek,D:/Code/Repos/r10k_cpp/home/yoyo/work/SmallerC-master/v0100/smlrl.c,2587,2617,7,SmallerC-master
fgetc,fgetc,D:/Code/Repos/r10k_cpp/home/yoyo/work/SmallerC-master/v0100/smlrl.c,2587,2617,7,SmallerC-master
fseek,fseek,D:/Code/Repos/r10k_cpp/home/yoyo/work/SmallerC-master/v0100/smlrl.c,2587,2617,7,SmallerC-master
fgetc,fgetc,D:/Code/Repos/r10k_cpp/home/yoyo/work/SmallerC-master/v0100/smlrl.c,2587,2617,7,SmallerC-master
fseek,fseek,D:/Code/Repos/r10k_cpp/home/yoyo/work/SmallerC-master/v0100/smlrl.c,2587,2617,7,SmallerC-master
fgetc,fgetc,D:/Code/Repos/r10k_cpp/home/yoyo/work/SmallerC-master/v0100/smlrl.c,2587,2617,7,SmallerC-master
malloc,malloc,D:/Code/Repos/r10k_cpp/home/yoyo/work/SmallerC-master/v0100/smlrl.c,2623,2705,24,SmallerC-master
fopen,fopen,D:/Code/Repos/r10k_cpp/home/yoyo/work/SmallerC-master/v0100/smlrl.c,2623,2705,24,SmallerC-master
fclose,fclose,D:/Code/Repos/r10k_cpp/home/yoyo/work/SmallerC-master/v0100/smlrl.c,2623,2705,24,SmallerC-master
malloc,malloc,D:/Code/Repos/r10k_cpp/home/yoyo/work/SmallerC-master/v0100/smlrl.c,2623,2705,24,SmallerC-master
memset,memset,D:/Code/Repos/r10k_cpp/home/yoyo/work/SmallerC-master/v0100/smlrl.c,2623,2705,24,SmallerC-master
fseek,fseek,D:/Code/Repos/r10k_cpp/home/yoyo/work/SmallerC-master/v0100/smlrl.c,2623,2705,24,SmallerC-master
fread,fread,D:/Code/Repos/r10k_cpp/home/yoyo/work/SmallerC-master/v0100/smlrl.c,2623,2705,24,SmallerC-master
strtok,strtok,D:/Code/Repos/r10k_cpp/home/yoyo/work/SmallerC-master/v0100/smlrl.c,2623,2705,24,SmallerC-master
realloc,realloc,D:/Code/Repos/r10k_cpp/home/yoyo/work/SmallerC-master/v0100/smlrl.c,2623,2705,24,SmallerC-master
fclose,fclose,D:/Code/Repos/r10k_cpp/home/yoyo/work/SmallerC-master/v0100/smlrl.c,2623,2705,24,SmallerC-master
strtok,strtok,D:/Code/Repos/r10k_cpp/home/yoyo/work/SmallerC-master/v0100/smlrl.c,2623,2705,24,SmallerC-master
fclose,fclose,D:/Code/Repos/r10k_cpp/home/yoyo/work/SmallerC-master/v0100/smlrl.c,2623,2705,24,SmallerC-master
fclose,fclose,D:/Code/Repos/r10k_cpp/home/yoyo/work/SmallerC-master/v0100/smlrl.c,2623,2705,24,SmallerC-master
memcmp,memcmp,D:/Code/Repos/r10k_cpp/home/yoyo/work/SmallerC-master/v0100/smlrl.c,2729,2916,59,SmallerC-master
memcmp,memcmp,D:/Code/Repos/r10k_cpp/home/yoyo/work/SmallerC-master/v0100/smlrl.c,2729,2916,59,SmallerC-master
strcmp,strcmp,D:/Code/Repos/r10k_cpp/home/yoyo/work/SmallerC-master/v0100/smlrl.c,2729,2916,59,SmallerC-master
strcmp,strcmp,D:/Code/Repos/r10k_cpp/home/yoyo/work/SmallerC-master/v0100/smlrl.c,2729,2916,59,SmallerC-master
strcmp,strcmp,D:/Code/Repos/r10k_cpp/home/yoyo/work/SmallerC-master/v0100/smlrl.c,2729,2916,59,SmallerC-master
strcmp,strcmp,D:/Code/Repos/r10k_cpp/home/yoyo/work/SmallerC-master/v0100/smlrl.c,2729,2916,59,SmallerC-master
strcmp,strcmp,D:/Code/Repos/r10k_cpp/home/yoyo/work/SmallerC-master/v0100/smlrl.c,2729,2916,59,SmallerC-master
strcmp,strcmp,D:/Code/Repos/r10k_cpp/home/yoyo/work/SmallerC-master/v0100/smlrl.c,2729,2916,59,SmallerC-master
strtoul,strtoul,D:/Code/Repos/r10k_cpp/home/yoyo/work/SmallerC-master/v0100/smlrl.c,2729,2916,59,SmallerC-master
strcmp,strcmp,D:/Code/Repos/r10k_cpp/home/yoyo/work/SmallerC-master/v0100/smlrl.c,2729,2916,59,SmallerC-master
strtoul,strtoul,D:/Code/Repos/r10k_cpp/home/yoyo/work/SmallerC-master/v0100/smlrl.c,2729,2916,59,SmallerC-master
strcmp,strcmp,D:/Code/Repos/r10k_cpp/home/yoyo/work/SmallerC-master/v0100/smlrl.c,2729,2916,59,SmallerC-master
strtoul,strtoul,D:/Code/Repos/r10k_cpp/home/yoyo/work/SmallerC-master/v0100/smlrl.c,2729,2916,59,SmallerC-master
strcmp,strcmp,D:/Code/Repos/r10k_cpp/home/yoyo/work/SmallerC-master/v0100/smlrl.c,2729,2916,59,SmallerC-master
strtoul,strtoul,D:/Code/Repos/r10k_cpp/home/yoyo/work/SmallerC-master/v0100/smlrl.c,2729,2916,59,SmallerC-master
strcmp,strcmp,D:/Code/Repos/r10k_cpp/home/yoyo/work/SmallerC-master/v0100/smlrl.c,2729,2916,59,SmallerC-master
strcmp,strcmp,D:/Code/Repos/r10k_cpp/home/yoyo/work/SmallerC-master/v0100/smlrl.c,2729,2916,59,SmallerC-master
strcmp,strcmp,D:/Code/Repos/r10k_cpp/home/yoyo/work/SmallerC-master/v0100/smlrl.c,2729,2916,59,SmallerC-master
strcmp,strcmp,D:/Code/Repos/r10k_cpp/home/yoyo/work/SmallerC-master/v0100/smlrl.c,2729,2916,59,SmallerC-master
strcmp,strcmp,D:/Code/Repos/r10k_cpp/home/yoyo/work/SmallerC-master/v0100/smlrl.c,2729,2916,59,SmallerC-master
strcmp,strcmp,D:/Code/Repos/r10k_cpp/home/yoyo/work/SmallerC-master/v0100/smlrl.c,2729,2916,59,SmallerC-master
strcmp,strcmp,D:/Code/Repos/r10k_cpp/home/yoyo/work/SmallerC-master/v0100/smlrl.c,2729,2916,59,SmallerC-master
strcmp,strcmp,D:/Code/Repos/r10k_cpp/home/yoyo/work/SmallerC-master/v0100/smlrl.c,2729,2916,59,SmallerC-master
strcmp,strcmp,D:/Code/Repos/r10k_cpp/home/yoyo/work/SmallerC-master/v0100/smlrl.c,2729,2916,59,SmallerC-master
strcmp,strcmp,D:/Code/Repos/r10k_cpp/home/yoyo/work/SmallerC-master/v0100/smlrl.c,2729,2916,59,SmallerC-master
strcmp,strcmp,D:/Code/Repos/r10k_cpp/home/yoyo/work/SmallerC-master/v0100/smlrl.c,2729,2916,59,SmallerC-master
strlen,strlen,D:/Code/Repos/r10k_cpp/home/yoyo/work/SmallerC-master/v0100/smlrcc.c,253,262,0,SmallerC-master
remove,remove,D:/Code/Repos/r10k_cpp/home/yoyo/work/SmallerC-master/v0100/smlrcc.c,253,262,0,SmallerC-master
fclose,fclose,D:/Code/Repos/r10k_cpp/home/yoyo/work/SmallerC-master/v0100/smlrcc.c,264,309,12,SmallerC-master
remove,remove,D:/Code/Repos/r10k_cpp/home/yoyo/work/SmallerC-master/v0100/smlrcc.c,264,309,12,SmallerC-master
puts,puts,D:/Code/Repos/r10k_cpp/home/yoyo/work/SmallerC-master/v0100/smlrcc.c,264,309,12,SmallerC-master
vprintf,vprintf,D:/Code/Repos/r10k_cpp/home/yoyo/work/SmallerC-master/v0100/smlrcc.c,264,309,12,SmallerC-master
exit,exit,D:/Code/Repos/r10k_cpp/home/yoyo/work/SmallerC-master/v0100/smlrcc.c,264,309,12,SmallerC-master
malloc,malloc,D:/Code/Repos/r10k_cpp/home/yoyo/work/SmallerC-master/v0100/smlrcc.c,316,322,0,SmallerC-master
realloc,realloc,D:/Code/Repos/r10k_cpp/home/yoyo/work/SmallerC-master/v0100/smlrcc.c,324,330,0,SmallerC-master
realloc,realloc,D:/Code/Repos/r10k_cpp/home/yoyo/work/SmallerC-master/v0100/smlrcc.c,332,356,5,SmallerC-master
memset,memset,D:/Code/Repos/r10k_cpp/home/yoyo/work/SmallerC-master/v0100/smlrcc.c,332,356,5,SmallerC-master
fopen,fopen,D:/Code/Repos/r10k_cpp/home/yoyo/work/SmallerC-master/v0100/smlrcc.c,377,385,0,SmallerC-master
fclose,fclose,D:/Code/Repos/r10k_cpp/home/yoyo/work/SmallerC-master/v0100/smlrcc.c,387,392,1,SmallerC-master
fseek,fseek,D:/Code/Repos/r10k_cpp/home/yoyo/work/SmallerC-master/v0100/smlrcc.c,394,399,1,SmallerC-master
fread,fread,D:/Code/Repos/r10k_cpp/home/yoyo/work/SmallerC-master/v0100/smlrcc.c,401,406,1,SmallerC-master
fwrite,fwrite,D:/Code/Repos/r10k_cpp/home/yoyo/work/SmallerC-master/v0100/smlrcc.c,408,413,1,SmallerC-master
fseek,fseek,D:/Code/Repos/r10k_cpp/home/yoyo/work/SmallerC-master/v0100/smlrcc.c,416,446,7,SmallerC-master
fgetc,fgetc,D:/Code/Repos/r10k_cpp/home/yoyo/work/SmallerC-master/v0100/smlrcc.c,416,446,7,SmallerC-master
fseek,fseek,D:/Code/Repos/r10k_cpp/home/yoyo/work/SmallerC-master/v0100/smlrcc.c,416,446,7,SmallerC-master
fgetc,fgetc,D:/Code/Repos/r10k_cpp/home/yoyo/work/SmallerC-master/v0100/smlrcc.c,416,446,7,SmallerC-master
fseek,fseek,D:/Code/Repos/r10k_cpp/home/yoyo/work/SmallerC-master/v0100/smlrcc.c,416,446,7,SmallerC-master
fgetc,fgetc,D:/Code/Repos/r10k_cpp/home/yoyo/work/SmallerC-master/v0100/smlrcc.c,416,446,7,SmallerC-master
malloc,malloc,D:/Code/Repos/r10k_cpp/home/yoyo/work/SmallerC-master/v0100/smlrcc.c,452,534,24,SmallerC-master
fopen,fopen,D:/Code/Repos/r10k_cpp/home/yoyo/work/SmallerC-master/v0100/smlrcc.c,452,534,24,SmallerC-master
fclose,fclose,D:/Code/Repos/r10k_cpp/home/yoyo/work/SmallerC-master/v0100/smlrcc.c,452,534,24,SmallerC-master
malloc,malloc,D:/Code/Repos/r10k_cpp/home/yoyo/work/SmallerC-master/v0100/smlrcc.c,452,534,24,SmallerC-master
memset,memset,D:/Code/Repos/r10k_cpp/home/yoyo/work/SmallerC-master/v0100/smlrcc.c,452,534,24,SmallerC-master
fseek,fseek,D:/Code/Repos/r10k_cpp/home/yoyo/work/SmallerC-master/v0100/smlrcc.c,452,534,24,SmallerC-master
fread,fread,D:/Code/Repos/r10k_cpp/home/yoyo/work/SmallerC-master/v0100/smlrcc.c,452,534,24,SmallerC-master
strtok,strtok,D:/Code/Repos/r10k_cpp/home/yoyo/work/SmallerC-master/v0100/smlrcc.c,452,534,24,SmallerC-master
realloc,realloc,D:/Code/Repos/r10k_cpp/home/yoyo/work/SmallerC-master/v0100/smlrcc.c,452,534,24,SmallerC-master
fclose,fclose,D:/Code/Repos/r10k_cpp/home/yoyo/work/SmallerC-master/v0100/smlrcc.c,452,534,24,SmallerC-master
strtok,strtok,D:/Code/Repos/r10k_cpp/home/yoyo/work/SmallerC-master/v0100/smlrcc.c,452,534,24,SmallerC-master
fclose,fclose,D:/Code/Repos/r10k_cpp/home/yoyo/work/SmallerC-master/v0100/smlrcc.c,452,534,24,SmallerC-master
fclose,fclose,D:/Code/Repos/r10k_cpp/home/yoyo/work/SmallerC-master/v0100/smlrcc.c,452,534,24,SmallerC-master
strpbrk,strpbrk,D:/Code/Repos/r10k_cpp/home/yoyo/work/SmallerC-master/v0100/smlrcc.c,536,541,1,SmallerC-master
strlen,strlen,D:/Code/Repos/r10k_cpp/home/yoyo/work/SmallerC-master/v0100/smlrcc.c,597,627,7,SmallerC-master
strcpy,strcpy,D:/Code/Repos/r10k_cpp/home/yoyo/work/SmallerC-master/v0100/smlrcc.c,597,627,7,SmallerC-master
strcpy,strcpy,D:/Code/Repos/r10k_cpp/home/yoyo/work/SmallerC-master/v0100/smlrcc.c,597,627,7,SmallerC-master
free,free,D:/Code/Repos/r10k_cpp/home/yoyo/work/SmallerC-master/v0100/smlrcc.c,597,627,7,SmallerC-master
strlen,strlen,D:/Code/Repos/r10k_cpp/home/yoyo/work/SmallerC-master/v0100/smlrcc.c,641,656,2,SmallerC-master
strcpy,strcpy,D:/Code/Repos/r10k_cpp/home/yoyo/work/SmallerC-master/v0100/smlrcc.c,641,656,2,SmallerC-master
strcpy,strcpy,D:/Code/Repos/r10k_cpp/home/yoyo/work/SmallerC-master/v0100/smlrcc.c,641,656,2,SmallerC-master
strlen,strlen,D:/Code/Repos/r10k_cpp/home/yoyo/work/SmallerC-master/v0100/smlrcc.c,658,728,20,SmallerC-master
printf,printf,D:/Code/Repos/r10k_cpp/home/yoyo/work/SmallerC-master/v0100/smlrcc.c,658,728,20,SmallerC-master
system,system,D:/Code/Repos/r10k_cpp/home/yoyo/work/SmallerC-master/v0100/smlrcc.c,658,728,20,SmallerC-master
strlen,strlen,D:/Code/Repos/r10k_cpp/home/yoyo/work/SmallerC-master/v0100/smlrcc.c,730,899,53,SmallerC-master
strcpy,strcpy,D:/Code/Repos/r10k_cpp/home/yoyo/work/SmallerC-master/v0100/smlrcc.c,730,899,53,SmallerC-master
free,free,D:/Code/Repos/r10k_cpp/home/yoyo/work/SmallerC-master/v0100/smlrcc.c,730,899,53,SmallerC-master
strcpy,strcpy,D:/Code/Repos/r10k_cpp/home/yoyo/work/SmallerC-master/v0100/smlrcc.c,730,899,53,SmallerC-master
strcpy,strcpy,D:/Code/Repos/r10k_cpp/home/yoyo/work/SmallerC-master/v0100/smlrcc.c,730,899,53,SmallerC-master
free,free,D:/Code/Repos/r10k_cpp/home/yoyo/work/SmallerC-master/v0100/smlrcc.c,730,899,53,SmallerC-master
remove,remove,D:/Code/Repos/r10k_cpp/home/yoyo/work/SmallerC-master/v0100/smlrcc.c,730,899,53,SmallerC-master
free,free,D:/Code/Repos/r10k_cpp/home/yoyo/work/SmallerC-master/v0100/smlrcc.c,730,899,53,SmallerC-master
free,free,D:/Code/Repos/r10k_cpp/home/yoyo/work/SmallerC-master/v0100/smlrcc.c,730,899,53,SmallerC-master
strcpy,strcpy,D:/Code/Repos/r10k_cpp/home/yoyo/work/SmallerC-master/v0100/smlrcc.c,730,899,53,SmallerC-master
strcpy,strcpy,D:/Code/Repos/r10k_cpp/home/yoyo/work/SmallerC-master/v0100/smlrcc.c,730,899,53,SmallerC-master
free,free,D:/Code/Repos/r10k_cpp/home/yoyo/work/SmallerC-master/v0100/smlrcc.c,730,899,53,SmallerC-master
remove,remove,D:/Code/Repos/r10k_cpp/home/yoyo/work/SmallerC-master/v0100/smlrcc.c,730,899,53,SmallerC-master
free,free,D:/Code/Repos/r10k_cpp/home/yoyo/work/SmallerC-master/v0100/smlrcc.c,730,899,53,SmallerC-master
free,free,D:/Code/Repos/r10k_cpp/home/yoyo/work/SmallerC-master/v0100/smlrcc.c,730,899,53,SmallerC-master
remove,remove,D:/Code/Repos/r10k_cpp/home/yoyo/work/SmallerC-master/v0100/smlrcc.c,730,899,53,SmallerC-master
free,free,D:/Code/Repos/r10k_cpp/home/yoyo/work/SmallerC-master/v0100/smlrcc.c,730,899,53,SmallerC-master
strlen,strlen,D:/Code/Repos/r10k_cpp/home/yoyo/work/SmallerC-master/v0100/smlrcc.c,935,1042,33,SmallerC-master
strrchr,strrchr,D:/Code/Repos/r10k_cpp/home/yoyo/work/SmallerC-master/v0100/smlrcc.c,935,1042,33,SmallerC-master
strrchr,strrchr,D:/Code/Repos/r10k_cpp/home/yoyo/work/SmallerC-master/v0100/smlrcc.c,935,1042,33,SmallerC-master
strlen,strlen,D:/Code/Repos/r10k_cpp/home/yoyo/work/SmallerC-master/v0100/smlrcc.c,935,1042,33,SmallerC-master
memset,memset,D:/Code/Repos/r10k_cpp/home/yoyo/work/SmallerC-master/v0100/smlrcc.c,935,1042,33,SmallerC-master
memcpy,memcpy,D:/Code/Repos/r10k_cpp/home/yoyo/work/SmallerC-master/v0100/smlrcc.c,935,1042,33,SmallerC-master
sprintf,sprintf,D:/Code/Repos/r10k_cpp/home/yoyo/work/SmallerC-master/v0100/smlrcc.c,935,1042,33,SmallerC-master
memcpy,memcpy,D:/Code/Repos/r10k_cpp/home/yoyo/work/SmallerC-master/v0100/smlrcc.c,935,1042,33,SmallerC-master
memcpy,memcpy,D:/Code/Repos/r10k_cpp/home/yoyo/work/SmallerC-master/v0100/smlrcc.c,935,1042,33,SmallerC-master
sprintf,sprintf,D:/Code/Repos/r10k_cpp/home/yoyo/work/SmallerC-master/v0100/smlrcc.c,935,1042,33,SmallerC-master
sprintf,sprintf,D:/Code/Repos/r10k_cpp/home/yoyo/work/SmallerC-master/v0100/smlrcc.c,935,1042,33,SmallerC-master
fread,fread,D:/Code/Repos/r10k_cpp/home/yoyo/work/SmallerC-master/v0100/smlrcc.c,935,1042,33,SmallerC-master
strrchr,strrchr,D:/Code/Repos/r10k_cpp/home/yoyo/work/SmallerC-master/v0100/smlrcc.c,1049,1171,38,SmallerC-master
strrchr,strrchr,D:/Code/Repos/r10k_cpp/home/yoyo/work/SmallerC-master/v0100/smlrcc.c,1049,1171,38,SmallerC-master
memcpy,memcpy,D:/Code/Repos/r10k_cpp/home/yoyo/work/SmallerC-master/v0100/smlrcc.c,1049,1171,38,SmallerC-master
strlen,strlen,D:/Code/Repos/r10k_cpp/home/yoyo/work/SmallerC-master/v0100/smlrcc.c,1049,1171,38,SmallerC-master
strcpy,strcpy,D:/Code/Repos/r10k_cpp/home/yoyo/work/SmallerC-master/v0100/smlrcc.c,1049,1171,38,SmallerC-master
strcat,strcat,D:/Code/Repos/r10k_cpp/home/yoyo/work/SmallerC-master/v0100/smlrcc.c,1049,1171,38,SmallerC-master
fopen,fopen,D:/Code/Repos/r10k_cpp/home/yoyo/work/SmallerC-master/v0100/smlrcc.c,1049,1171,38,SmallerC-master
fclose,fclose,D:/Code/Repos/r10k_cpp/home/yoyo/work/SmallerC-master/v0100/smlrcc.c,1049,1171,38,SmallerC-master
free,free,D:/Code/Repos/r10k_cpp/home/yoyo/work/SmallerC-master/v0100/smlrcc.c,1049,1171,38,SmallerC-master
strcpy,strcpy,D:/Code/Repos/r10k_cpp/home/yoyo/work/SmallerC-master/v0100/smlrcc.c,1049,1171,38,SmallerC-master
getenv,getenv,D:/Code/Repos/r10k_cpp/home/yoyo/work/SmallerC-master/v0100/smlrcc.c,1049,1171,38,SmallerC-master
free,free,D:/Code/Repos/r10k_cpp/home/yoyo/work/SmallerC-master/v0100/smlrcc.c,1049,1171,38,SmallerC-master
strlen,strlen,D:/Code/Repos/r10k_cpp/home/yoyo/work/SmallerC-master/v0100/smlrcc.c,1049,1171,38,SmallerC-master
strcpy,strcpy,D:/Code/Repos/r10k_cpp/home/yoyo/work/SmallerC-master/v0100/smlrcc.c,1049,1171,38,SmallerC-master
strtok,strtok,D:/Code/Repos/r10k_cpp/home/yoyo/work/SmallerC-master/v0100/smlrcc.c,1049,1171,38,SmallerC-master
strlen,strlen,D:/Code/Repos/r10k_cpp/home/yoyo/work/SmallerC-master/v0100/smlrcc.c,1049,1171,38,SmallerC-master
strcpy,strcpy,D:/Code/Repos/r10k_cpp/home/yoyo/work/SmallerC-master/v0100/smlrcc.c,1049,1171,38,SmallerC-master
strcat,strcat,D:/Code/Repos/r10k_cpp/home/yoyo/work/SmallerC-master/v0100/smlrcc.c,1049,1171,38,SmallerC-master
strcat,strcat,D:/Code/Repos/r10k_cpp/home/yoyo/work/SmallerC-master/v0100/smlrcc.c,1049,1171,38,SmallerC-master
fopen,fopen,D:/Code/Repos/r10k_cpp/home/yoyo/work/SmallerC-master/v0100/smlrcc.c,1049,1171,38,SmallerC-master
fclose,fclose,D:/Code/Repos/r10k_cpp/home/yoyo/work/SmallerC-master/v0100/smlrcc.c,1049,1171,38,SmallerC-master
free,free,D:/Code/Repos/r10k_cpp/home/yoyo/work/SmallerC-master/v0100/smlrcc.c,1049,1171,38,SmallerC-master
free,free,D:/Code/Repos/r10k_cpp/home/yoyo/work/SmallerC-master/v0100/smlrcc.c,1049,1171,38,SmallerC-master
free,free,D:/Code/Repos/r10k_cpp/home/yoyo/work/SmallerC-master/v0100/smlrcc.c,1049,1171,38,SmallerC-master
strtok,strtok,D:/Code/Repos/r10k_cpp/home/yoyo/work/SmallerC-master/v0100/smlrcc.c,1049,1171,38,SmallerC-master
free,free,D:/Code/Repos/r10k_cpp/home/yoyo/work/SmallerC-master/v0100/smlrcc.c,1049,1171,38,SmallerC-master
free,free,D:/Code/Repos/r10k_cpp/home/yoyo/work/SmallerC-master/v0100/smlrcc.c,1049,1171,38,SmallerC-master
strlen,strlen,D:/Code/Repos/r10k_cpp/home/yoyo/work/SmallerC-master/v0100/smlrcc.c,1174,1192,3,SmallerC-master
strlen,strlen,D:/Code/Repos/r10k_cpp/home/yoyo/work/SmallerC-master/v0100/smlrcc.c,1174,1192,3,SmallerC-master
strlen,strlen,D:/Code/Repos/r10k_cpp/home/yoyo/work/SmallerC-master/v0100/smlrcc.c,1174,1192,3,SmallerC-master
strcpy,strcpy,D:/Code/Repos/r10k_cpp/home/yoyo/work/SmallerC-master/v0100/smlrcc.c,1174,1192,3,SmallerC-master
strcat,strcat,D:/Code/Repos/r10k_cpp/home/yoyo/work/SmallerC-master/v0100/smlrcc.c,1174,1192,3,SmallerC-master
strcat,strcat,D:/Code/Repos/r10k_cpp/home/yoyo/work/SmallerC-master/v0100/smlrcc.c,1174,1192,3,SmallerC-master
fopen,fopen,D:/Code/Repos/r10k_cpp/home/yoyo/work/SmallerC-master/v0100/smlrcc.c,1174,1192,3,SmallerC-master
fclose,fclose,D:/Code/Repos/r10k_cpp/home/yoyo/work/SmallerC-master/v0100/smlrcc.c,1174,1192,3,SmallerC-master
free,free,D:/Code/Repos/r10k_cpp/home/yoyo/work/SmallerC-master/v0100/smlrcc.c,1174,1192,3,SmallerC-master
getenv,getenv,D:/Code/Repos/r10k_cpp/home/yoyo/work/SmallerC-master/v0100/smlrcc.c,1196,1298,31,SmallerC-master
strrchr,strrchr,D:/Code/Repos/r10k_cpp/home/yoyo/work/SmallerC-master/v0100/smlrcc.c,1196,1298,31,SmallerC-master
strrchr,strrchr,D:/Code/Repos/r10k_cpp/home/yoyo/work/SmallerC-master/v0100/smlrcc.c,1196,1298,31,SmallerC-master
getenv,getenv,D:/Code/Repos/r10k_cpp/home/yoyo/work/SmallerC-master/v0100/smlrcc.c,1314,1751,143,SmallerC-master
strcmp,strcmp,D:/Code/Repos/r10k_cpp/home/yoyo/work/SmallerC-master/v0100/smlrcc.c,1314,1751,143,SmallerC-master
memmove,memmove,D:/Code/Repos/r10k_cpp/home/yoyo/work/SmallerC-master/v0100/smlrcc.c,1314,1751,143,SmallerC-master
strcmp,strcmp,D:/Code/Repos/r10k_cpp/home/yoyo/work/SmallerC-master/v0100/smlrcc.c,1314,1751,143,SmallerC-master
strcmp,strcmp,D:/Code/Repos/r10k_cpp/home/yoyo/work/SmallerC-master/v0100/smlrcc.c,1314,1751,143,SmallerC-master
strcmp,strcmp,D:/Code/Repos/r10k_cpp/home/yoyo/work/SmallerC-master/v0100/smlrcc.c,1314,1751,143,SmallerC-master
strcmp,strcmp,D:/Code/Repos/r10k_cpp/home/yoyo/work/SmallerC-master/v0100/smlrcc.c,1314,1751,143,SmallerC-master
strcmp,strcmp,D:/Code/Repos/r10k_cpp/home/yoyo/work/SmallerC-master/v0100/smlrcc.c,1314,1751,143,SmallerC-master
strcmp,strcmp,D:/Code/Repos/r10k_cpp/home/yoyo/work/SmallerC-master/v0100/smlrcc.c,1314,1751,143,SmallerC-master
strcmp,strcmp,D:/Code/Repos/r10k_cpp/home/yoyo/work/SmallerC-master/v0100/smlrcc.c,1314,1751,143,SmallerC-master
strcmp,strcmp,D:/Code/Repos/r10k_cpp/home/yoyo/work/SmallerC-master/v0100/smlrcc.c,1314,1751,143,SmallerC-master
strcmp,strcmp,D:/Code/Repos/r10k_cpp/home/yoyo/work/SmallerC-master/v0100/smlrcc.c,1314,1751,143,SmallerC-master
strcmp,strcmp,D:/Code/Repos/r10k_cpp/home/yoyo/work/SmallerC-master/v0100/smlrcc.c,1314,1751,143,SmallerC-master
strcmp,strcmp,D:/Code/Repos/r10k_cpp/home/yoyo/work/SmallerC-master/v0100/smlrcc.c,1314,1751,143,SmallerC-master
strcmp,strcmp,D:/Code/Repos/r10k_cpp/home/yoyo/work/SmallerC-master/v0100/smlrcc.c,1314,1751,143,SmallerC-master
strcmp,strcmp,D:/Code/Repos/r10k_cpp/home/yoyo/work/SmallerC-master/v0100/smlrcc.c,1314,1751,143,SmallerC-master
strcmp,strcmp,D:/Code/Repos/r10k_cpp/home/yoyo/work/SmallerC-master/v0100/smlrcc.c,1314,1751,143,SmallerC-master
strcmp,strcmp,D:/Code/Repos/r10k_cpp/home/yoyo/work/SmallerC-master/v0100/smlrcc.c,1314,1751,143,SmallerC-master
strcmp,strcmp,D:/Code/Repos/r10k_cpp/home/yoyo/work/SmallerC-master/v0100/smlrcc.c,1314,1751,143,SmallerC-master
strcmp,strcmp,D:/Code/Repos/r10k_cpp/home/yoyo/work/SmallerC-master/v0100/smlrcc.c,1314,1751,143,SmallerC-master
strcmp,strcmp,D:/Code/Repos/r10k_cpp/home/yoyo/work/SmallerC-master/v0100/smlrcc.c,1314,1751,143,SmallerC-master
strcmp,strcmp,D:/Code/Repos/r10k_cpp/home/yoyo/work/SmallerC-master/v0100/smlrcc.c,1314,1751,143,SmallerC-master
strcmp,strcmp,D:/Code/Repos/r10k_cpp/home/yoyo/work/SmallerC-master/v0100/smlrcc.c,1314,1751,143,SmallerC-master
strcmp,strcmp,D:/Code/Repos/r10k_cpp/home/yoyo/work/SmallerC-master/v0100/smlrcc.c,1314,1751,143,SmallerC-master
strcmp,strcmp,D:/Code/Repos/r10k_cpp/home/yoyo/work/SmallerC-master/v0100/smlrcc.c,1314,1751,143,SmallerC-master
strcmp,strcmp,D:/Code/Repos/r10k_cpp/home/yoyo/work/SmallerC-master/v0100/smlrcc.c,1314,1751,143,SmallerC-master
strcmp,strcmp,D:/Code/Repos/r10k_cpp/home/yoyo/work/SmallerC-master/v0100/smlrcc.c,1314,1751,143,SmallerC-master
strcmp,strcmp,D:/Code/Repos/r10k_cpp/home/yoyo/work/SmallerC-master/v0100/smlrcc.c,1314,1751,143,SmallerC-master
strcmp,strcmp,D:/Code/Repos/r10k_cpp/home/yoyo/work/SmallerC-master/v0100/smlrcc.c,1314,1751,143,SmallerC-master
strcmp,strcmp,D:/Code/Repos/r10k_cpp/home/yoyo/work/SmallerC-master/v0100/smlrcc.c,1314,1751,143,SmallerC-master
strcmp,strcmp,D:/Code/Repos/r10k_cpp/home/yoyo/work/SmallerC-master/v0100/smlrcc.c,1314,1751,143,SmallerC-master
strcmp,strcmp,D:/Code/Repos/r10k_cpp/home/yoyo/work/SmallerC-master/v0100/smlrcc.c,1314,1751,143,SmallerC-master
strcmp,strcmp,D:/Code/Repos/r10k_cpp/home/yoyo/work/SmallerC-master/v0100/smlrcc.c,1314,1751,143,SmallerC-master
strcmp,strcmp,D:/Code/Repos/r10k_cpp/home/yoyo/work/SmallerC-master/v0100/smlrcc.c,1314,1751,143,SmallerC-master
strcmp,strcmp,D:/Code/Repos/r10k_cpp/home/yoyo/work/SmallerC-master/v0100/smlrcc.c,1314,1751,143,SmallerC-master
strcmp,strcmp,D:/Code/Repos/r10k_cpp/home/yoyo/work/SmallerC-master/v0100/smlrcc.c,1314,1751,143,SmallerC-master
strcmp,strcmp,D:/Code/Repos/r10k_cpp/home/yoyo/work/SmallerC-master/v0100/smlrcc.c,1314,1751,143,SmallerC-master
strcmp,strcmp,D:/Code/Repos/r10k_cpp/home/yoyo/work/SmallerC-master/v0100/smlrcc.c,1314,1751,143,SmallerC-master
memcpy,memcpy,D:/Code/Repos/r10k_cpp/home/yoyo/work/SmallerC-master/v0100/smlrcc.c,1314,1751,143,SmallerC-master
strcmp,strcmp,D:/Code/Repos/r10k_cpp/home/yoyo/work/SmallerC-master/v0100/smlrcc.c,1314,1751,143,SmallerC-master
strncmp,strncmp,D:/Code/Repos/r10k_cpp/home/yoyo/work/SmallerC-master/v0100/smlrcc.c,1314,1751,143,SmallerC-master
strlen,strlen,D:/Code/Repos/r10k_cpp/home/yoyo/work/SmallerC-master/v0100/smlrcc.c,1314,1751,143,SmallerC-master
printf,printf,D:/Code/Repos/r10k_cpp/home/yoyo/work/SmallerC-master/v0100/tests/subc/libtest.c,50,53,1,SmallerC-master
printf,printf,D:/Code/Repos/r10k_cpp/home/yoyo/work/SmallerC-master/v0100/tests/subc/libtest.c,55,57,2,SmallerC-master
memcmp,memcmp,D:/Code/Repos/r10k_cpp/home/yoyo/work/SmallerC-master/v0100/tests/subc/libtest.c,59,104,12,SmallerC-master
memcmp,memcmp,D:/Code/Repos/r10k_cpp/home/yoyo/work/SmallerC-master/v0100/tests/subc/libtest.c,59,104,12,SmallerC-master
memcmp,memcmp,D:/Code/Repos/r10k_cpp/home/yoyo/work/SmallerC-master/v0100/tests/subc/libtest.c,59,104,12,SmallerC-master
memcmp,memcmp,D:/Code/Repos/r10k_cpp/home/yoyo/work/SmallerC-master/v0100/tests/subc/libtest.c,59,104,12,SmallerC-master
memcpy,memcpy,D:/Code/Repos/r10k_cpp/home/yoyo/work/SmallerC-master/v0100/tests/subc/libtest.c,59,104,12,SmallerC-master
memcmp,memcmp,D:/Code/Repos/r10k_cpp/home/yoyo/work/SmallerC-master/v0100/tests/subc/libtest.c,59,104,12,SmallerC-master
memcpy,memcpy,D:/Code/Repos/r10k_cpp/home/yoyo/work/SmallerC-master/v0100/tests/subc/libtest.c,59,104,12,SmallerC-master
memcmp,memcmp,D:/Code/Repos/r10k_cpp/home/yoyo/work/SmallerC-master/v0100/tests/subc/libtest.c,59,104,12,SmallerC-master
memcpy,memcpy,D:/Code/Repos/r10k_cpp/home/yoyo/work/SmallerC-master/v0100/tests/subc/libtest.c,59,104,12,SmallerC-master
memcmp,memcmp,D:/Code/Repos/r10k_cpp/home/yoyo/work/SmallerC-master/v0100/tests/subc/libtest.c,59,104,12,SmallerC-master
memcpy,memcpy,D:/Code/Repos/r10k_cpp/home/yoyo/work/SmallerC-master/v0100/tests/subc/libtest.c,59,104,12,SmallerC-master
memmove,memmove,D:/Code/Repos/r10k_cpp/home/yoyo/work/SmallerC-master/v0100/tests/subc/libtest.c,59,104,12,SmallerC-master
memcmp,memcmp,D:/Code/Repos/r10k_cpp/home/yoyo/work/SmallerC-master/v0100/tests/subc/libtest.c,59,104,12,SmallerC-master
memcpy,memcpy,D:/Code/Repos/r10k_cpp/home/yoyo/work/SmallerC-master/v0100/tests/subc/libtest.c,59,104,12,SmallerC-master
memmove,memmove,D:/Code/Repos/r10k_cpp/home/yoyo/work/SmallerC-master/v0100/tests/subc/libtest.c,59,104,12,SmallerC-master
memcmp,memcmp,D:/Code/Repos/r10k_cpp/home/yoyo/work/SmallerC-master/v0100/tests/subc/libtest.c,59,104,12,SmallerC-master
memset,memset,D:/Code/Repos/r10k_cpp/home/yoyo/work/SmallerC-master/v0100/tests/subc/libtest.c,59,104,12,SmallerC-master
memset,memset,D:/Code/Repos/r10k_cpp/home/yoyo/work/SmallerC-master/v0100/tests/subc/libtest.c,59,104,12,SmallerC-master
memchr,memchr,D:/Code/Repos/r10k_cpp/home/yoyo/work/SmallerC-master/v0100/tests/subc/libtest.c,59,104,12,SmallerC-master
memchr,memchr,D:/Code/Repos/r10k_cpp/home/yoyo/work/SmallerC-master/v0100/tests/subc/libtest.c,59,104,12,SmallerC-master
strchr,strchr,D:/Code/Repos/r10k_cpp/home/yoyo/work/SmallerC-master/v0100/tests/subc/libtest.c,106,109,1,SmallerC-master
strchr,strchr,D:/Code/Repos/r10k_cpp/home/yoyo/work/SmallerC-master/v0100/tests/subc/libtest.c,111,168,16,SmallerC-master
strchr,strchr,D:/Code/Repos/r10k_cpp/home/yoyo/work/SmallerC-master/v0100/tests/subc/libtest.c,111,168,16,SmallerC-master
strrchr,strrchr,D:/Code/Repos/r10k_cpp/home/yoyo/work/SmallerC-master/v0100/tests/subc/libtest.c,111,168,16,SmallerC-master
strrchr,strrchr,D:/Code/Repos/r10k_cpp/home/yoyo/work/SmallerC-master/v0100/tests/subc/libtest.c,111,168,16,SmallerC-master
strcpy,strcpy,D:/Code/Repos/r10k_cpp/home/yoyo/work/SmallerC-master/v0100/tests/subc/libtest.c,111,168,16,SmallerC-master
strcat,strcat,D:/Code/Repos/r10k_cpp/home/yoyo/work/SmallerC-master/v0100/tests/subc/libtest.c,111,168,16,SmallerC-master
strcpy,strcpy,D:/Code/Repos/r10k_cpp/home/yoyo/work/SmallerC-master/v0100/tests/subc/libtest.c,111,168,16,SmallerC-master
strcat,strcat,D:/Code/Repos/r10k_cpp/home/yoyo/work/SmallerC-master/v0100/tests/subc/libtest.c,111,168,16,SmallerC-master
strcpy,strcpy,D:/Code/Repos/r10k_cpp/home/yoyo/work/SmallerC-master/v0100/tests/subc/libtest.c,111,168,16,SmallerC-master
strcat,strcat,D:/Code/Repos/r10k_cpp/home/yoyo/work/SmallerC-master/v0100/tests/subc/libtest.c,111,168,16,SmallerC-master
__ctype_b_loc,__ctype_b_loc,D:/Code/Repos/r10k_cpp/home/yoyo/work/SmallerC-master/v0100/tests/subc/libtest.c,111,168,16,SmallerC-master
strchr,strchr,D:/Code/Repos/r10k_cpp/home/yoyo/work/SmallerC-master/v0100/tests/subc/libtest.c,111,168,16,SmallerC-master
__ctype_b_loc,__ctype_b_loc,D:/Code/Repos/r10k_cpp/home/yoyo/work/SmallerC-master/v0100/tests/subc/libtest.c,111,168,16,SmallerC-master
strchr,strchr,D:/Code/Repos/r10k_cpp/home/yoyo/work/SmallerC-master/v0100/tests/subc/libtest.c,111,168,16,SmallerC-master
__ctype_b_loc,__ctype_b_loc,D:/Code/Repos/r10k_cpp/home/yoyo/work/SmallerC-master/v0100/tests/subc/libtest.c,111,168,16,SmallerC-master
__ctype_b_loc,__ctype_b_loc,D:/Code/Repos/r10k_cpp/home/yoyo/work/SmallerC-master/v0100/tests/subc/libtest.c,111,168,16,SmallerC-master
strchr,strchr,D:/Code/Repos/r10k_cpp/home/yoyo/work/SmallerC-master/v0100/tests/subc/libtest.c,111,168,16,SmallerC-master
__ctype_b_loc,__ctype_b_loc,D:/Code/Repos/r10k_cpp/home/yoyo/work/SmallerC-master/v0100/tests/subc/libtest.c,111,168,16,SmallerC-master
__ctype_b_loc,__ctype_b_loc,D:/Code/Repos/r10k_cpp/home/yoyo/work/SmallerC-master/v0100/tests/subc/libtest.c,111,168,16,SmallerC-master
strchr,strchr,D:/Code/Repos/r10k_cpp/home/yoyo/work/SmallerC-master/v0100/tests/subc/libtest.c,111,168,16,SmallerC-master
__ctype_b_loc,__ctype_b_loc,D:/Code/Repos/r10k_cpp/home/yoyo/work/SmallerC-master/v0100/tests/subc/libtest.c,111,168,16,SmallerC-master
__ctype_b_loc,__ctype_b_loc,D:/Code/Repos/r10k_cpp/home/yoyo/work/SmallerC-master/v0100/tests/subc/libtest.c,111,168,16,SmallerC-master
strchr,strchr,D:/Code/Repos/r10k_cpp/home/yoyo/work/SmallerC-master/v0100/tests/subc/libtest.c,111,168,16,SmallerC-master
__ctype_b_loc,__ctype_b_loc,D:/Code/Repos/r10k_cpp/home/yoyo/work/SmallerC-master/v0100/tests/subc/libtest.c,111,168,16,SmallerC-master
strchr,strchr,D:/Code/Repos/r10k_cpp/home/yoyo/work/SmallerC-master/v0100/tests/subc/libtest.c,111,168,16,SmallerC-master
__ctype_b_loc,__ctype_b_loc,D:/Code/Repos/r10k_cpp/home/yoyo/work/SmallerC-master/v0100/tests/subc/libtest.c,111,168,16,SmallerC-master
strchr,strchr,D:/Code/Repos/r10k_cpp/home/yoyo/work/SmallerC-master/v0100/tests/subc/libtest.c,111,168,16,SmallerC-master
__ctype_b_loc,__ctype_b_loc,D:/Code/Repos/r10k_cpp/home/yoyo/work/SmallerC-master/v0100/tests/subc/libtest.c,111,168,16,SmallerC-master
strchr,strchr,D:/Code/Repos/r10k_cpp/home/yoyo/work/SmallerC-master/v0100/tests/subc/libtest.c,111,168,16,SmallerC-master
__ctype_b_loc,__ctype_b_loc,D:/Code/Repos/r10k_cpp/home/yoyo/work/SmallerC-master/v0100/tests/subc/libtest.c,111,168,16,SmallerC-master
__ctype_b_loc,__ctype_b_loc,D:/Code/Repos/r10k_cpp/home/yoyo/work/SmallerC-master/v0100/tests/subc/libtest.c,111,168,16,SmallerC-master
__ctype_b_loc,__ctype_b_loc,D:/Code/Repos/r10k_cpp/home/yoyo/work/SmallerC-master/v0100/tests/subc/libtest.c,111,168,16,SmallerC-master
__ctype_b_loc,__ctype_b_loc,D:/Code/Repos/r10k_cpp/home/yoyo/work/SmallerC-master/v0100/tests/subc/libtest.c,111,168,16,SmallerC-master
__ctype_b_loc,__ctype_b_loc,D:/Code/Repos/r10k_cpp/home/yoyo/work/SmallerC-master/v0100/tests/subc/libtest.c,111,168,16,SmallerC-master
__ctype_b_loc,__ctype_b_loc,D:/Code/Repos/r10k_cpp/home/yoyo/work/SmallerC-master/v0100/tests/subc/libtest.c,111,168,16,SmallerC-master
__ctype_b_loc,__ctype_b_loc,D:/Code/Repos/r10k_cpp/home/yoyo/work/SmallerC-master/v0100/tests/subc/libtest.c,111,168,16,SmallerC-master
__ctype_b_loc,__ctype_b_loc,D:/Code/Repos/r10k_cpp/home/yoyo/work/SmallerC-master/v0100/tests/subc/libtest.c,111,168,16,SmallerC-master
__ctype_b_loc,__ctype_b_loc,D:/Code/Repos/r10k_cpp/home/yoyo/work/SmallerC-master/v0100/tests/subc/libtest.c,111,168,16,SmallerC-master
__ctype_b_loc,__ctype_b_loc,D:/Code/Repos/r10k_cpp/home/yoyo/work/SmallerC-master/v0100/tests/subc/libtest.c,111,168,16,SmallerC-master
__ctype_b_loc,__ctype_b_loc,D:/Code/Repos/r10k_cpp/home/yoyo/work/SmallerC-master/v0100/tests/subc/libtest.c,111,168,16,SmallerC-master
__ctype_b_loc,__ctype_b_loc,D:/Code/Repos/r10k_cpp/home/yoyo/work/SmallerC-master/v0100/tests/subc/libtest.c,111,168,16,SmallerC-master
__ctype_b_loc,__ctype_b_loc,D:/Code/Repos/r10k_cpp/home/yoyo/work/SmallerC-master/v0100/tests/subc/libtest.c,111,168,16,SmallerC-master
tolower,tolower,D:/Code/Repos/r10k_cpp/home/yoyo/work/SmallerC-master/v0100/tests/subc/libtest.c,111,168,16,SmallerC-master
__ctype_b_loc,__ctype_b_loc,D:/Code/Repos/r10k_cpp/home/yoyo/work/SmallerC-master/v0100/tests/subc/libtest.c,111,168,16,SmallerC-master
tolower,tolower,D:/Code/Repos/r10k_cpp/home/yoyo/work/SmallerC-master/v0100/tests/subc/libtest.c,111,168,16,SmallerC-master
toupper,toupper,D:/Code/Repos/r10k_cpp/home/yoyo/work/SmallerC-master/v0100/tests/subc/libtest.c,111,168,16,SmallerC-master
__ctype_b_loc,__ctype_b_loc,D:/Code/Repos/r10k_cpp/home/yoyo/work/SmallerC-master/v0100/tests/subc/libtest.c,111,168,16,SmallerC-master
__ctype_b_loc,__ctype_b_loc,D:/Code/Repos/r10k_cpp/home/yoyo/work/SmallerC-master/v0100/tests/subc/libtest.c,111,168,16,SmallerC-master
toupper,toupper,D:/Code/Repos/r10k_cpp/home/yoyo/work/SmallerC-master/v0100/tests/subc/libtest.c,111,168,16,SmallerC-master
__ctype_b_loc,__ctype_b_loc,D:/Code/Repos/r10k_cpp/home/yoyo/work/SmallerC-master/v0100/tests/subc/libtest.c,111,168,16,SmallerC-master
toupper,toupper,D:/Code/Repos/r10k_cpp/home/yoyo/work/SmallerC-master/v0100/tests/subc/libtest.c,111,168,16,SmallerC-master
tolower,tolower,D:/Code/Repos/r10k_cpp/home/yoyo/work/SmallerC-master/v0100/tests/subc/libtest.c,111,168,16,SmallerC-master
malloc,malloc,D:/Code/Repos/r10k_cpp/home/yoyo/work/SmallerC-master/v0100/tests/subc/libtest.c,170,222,14,SmallerC-master
free,free,D:/Code/Repos/r10k_cpp/home/yoyo/work/SmallerC-master/v0100/tests/subc/libtest.c,170,222,14,SmallerC-master
calloc,calloc,D:/Code/Repos/r10k_cpp/home/yoyo/work/SmallerC-master/v0100/tests/subc/libtest.c,170,222,14,SmallerC-master
free,free,D:/Code/Repos/r10k_cpp/home/yoyo/work/SmallerC-master/v0100/tests/subc/libtest.c,170,222,14,SmallerC-master
malloc,malloc,D:/Code/Repos/r10k_cpp/home/yoyo/work/SmallerC-master/v0100/tests/subc/libtest.c,170,222,14,SmallerC-master
realloc,realloc,D:/Code/Repos/r10k_cpp/home/yoyo/work/SmallerC-master/v0100/tests/subc/libtest.c,170,222,14,SmallerC-master
realloc,realloc,D:/Code/Repos/r10k_cpp/home/yoyo/work/SmallerC-master/v0100/tests/subc/libtest.c,170,222,14,SmallerC-master
free,free,D:/Code/Repos/r10k_cpp/home/yoyo/work/SmallerC-master/v0100/tests/subc/libtest.c,170,222,14,SmallerC-master
qsort,qsort,D:/Code/Repos/r10k_cpp/home/yoyo/work/SmallerC-master/v0100/tests/subc/libtest.c,228,243,2,SmallerC-master
bsearch,bsearch,D:/Code/Repos/r10k_cpp/home/yoyo/work/SmallerC-master/v0100/tests/subc/libtest.c,247,259,1,SmallerC-master
bsearch,bsearch,D:/Code/Repos/r10k_cpp/home/yoyo/work/SmallerC-master/v0100/tests/subc/libtest.c,247,259,1,SmallerC-master
strlen,strlen,D:/Code/Repos/r10k_cpp/home/yoyo/work/SmallerC-master/v0100/tests/subc/libtest.c,269,350,24,SmallerC-master
strlen,strlen,D:/Code/Repos/r10k_cpp/home/yoyo/work/SmallerC-master/v0100/tests/subc/libtest.c,269,350,24,SmallerC-master
strcmp,strcmp,D:/Code/Repos/r10k_cpp/home/yoyo/work/SmallerC-master/v0100/tests/subc/libtest.c,269,350,24,SmallerC-master
strcmp,strcmp,D:/Code/Repos/r10k_cpp/home/yoyo/work/SmallerC-master/v0100/tests/subc/libtest.c,269,350,24,SmallerC-master
strcmp,strcmp,D:/Code/Repos/r10k_cpp/home/yoyo/work/SmallerC-master/v0100/tests/subc/libtest.c,269,350,24,SmallerC-master
strcmp,strcmp,D:/Code/Repos/r10k_cpp/home/yoyo/work/SmallerC-master/v0100/tests/subc/libtest.c,269,350,24,SmallerC-master
strcmp,strcmp,D:/Code/Repos/r10k_cpp/home/yoyo/work/SmallerC-master/v0100/tests/subc/libtest.c,269,350,24,SmallerC-master
strcpy,strcpy,D:/Code/Repos/r10k_cpp/home/yoyo/work/SmallerC-master/v0100/tests/subc/libtest.c,269,350,24,SmallerC-master
strcmp,strcmp,D:/Code/Repos/r10k_cpp/home/yoyo/work/SmallerC-master/v0100/tests/subc/libtest.c,269,350,24,SmallerC-master
strcpy,strcpy,D:/Code/Repos/r10k_cpp/home/yoyo/work/SmallerC-master/v0100/tests/subc/libtest.c,269,350,24,SmallerC-master
strcmp,strcmp,D:/Code/Repos/r10k_cpp/home/yoyo/work/SmallerC-master/v0100/tests/subc/libtest.c,269,350,24,SmallerC-master
strcpy,strcpy,D:/Code/Repos/r10k_cpp/home/yoyo/work/SmallerC-master/v0100/tests/subc/libtest.c,269,350,24,SmallerC-master
strcat,strcat,D:/Code/Repos/r10k_cpp/home/yoyo/work/SmallerC-master/v0100/tests/subc/libtest.c,269,350,24,SmallerC-master
strcmp,strcmp,D:/Code/Repos/r10k_cpp/home/yoyo/work/SmallerC-master/v0100/tests/subc/libtest.c,269,350,24,SmallerC-master
strncmp,strncmp,D:/Code/Repos/r10k_cpp/home/yoyo/work/SmallerC-master/v0100/tests/subc/libtest.c,269,350,24,SmallerC-master
strncmp,strncmp,D:/Code/Repos/r10k_cpp/home/yoyo/work/SmallerC-master/v0100/tests/subc/libtest.c,269,350,24,SmallerC-master
strncmp,strncmp,D:/Code/Repos/r10k_cpp/home/yoyo/work/SmallerC-master/v0100/tests/subc/libtest.c,269,350,24,SmallerC-master
strncmp,strncmp,D:/Code/Repos/r10k_cpp/home/yoyo/work/SmallerC-master/v0100/tests/subc/libtest.c,269,350,24,SmallerC-master
strncmp,strncmp,D:/Code/Repos/r10k_cpp/home/yoyo/work/SmallerC-master/v0100/tests/subc/libtest.c,269,350,24,SmallerC-master
strncmp,strncmp,D:/Code/Repos/r10k_cpp/home/yoyo/work/SmallerC-master/v0100/tests/subc/libtest.c,269,350,24,SmallerC-master
strncmp,strncmp,D:/Code/Repos/r10k_cpp/home/yoyo/work/SmallerC-master/v0100/tests/subc/libtest.c,269,350,24,SmallerC-master
strncmp,strncmp,D:/Code/Repos/r10k_cpp/home/yoyo/work/SmallerC-master/v0100/tests/subc/libtest.c,269,350,24,SmallerC-master
strncmp,strncmp,D:/Code/Repos/r10k_cpp/home/yoyo/work/SmallerC-master/v0100/tests/subc/libtest.c,269,350,24,SmallerC-master
strcpy,strcpy,D:/Code/Repos/r10k_cpp/home/yoyo/work/SmallerC-master/v0100/tests/subc/libtest.c,269,350,24,SmallerC-master
strncpy,strncpy,D:/Code/Repos/r10k_cpp/home/yoyo/work/SmallerC-master/v0100/tests/subc/libtest.c,269,350,24,SmallerC-master
strcmp,strcmp,D:/Code/Repos/r10k_cpp/home/yoyo/work/SmallerC-master/v0100/tests/subc/libtest.c,269,350,24,SmallerC-master
strcpy,strcpy,D:/Code/Repos/r10k_cpp/home/yoyo/work/SmallerC-master/v0100/tests/subc/libtest.c,269,350,24,SmallerC-master
strncpy,strncpy,D:/Code/Repos/r10k_cpp/home/yoyo/work/SmallerC-master/v0100/tests/subc/libtest.c,269,350,24,SmallerC-master
memcmp,memcmp,D:/Code/Repos/r10k_cpp/home/yoyo/work/SmallerC-master/v0100/tests/subc/libtest.c,269,350,24,SmallerC-master
strncpy,strncpy,D:/Code/Repos/r10k_cpp/home/yoyo/work/SmallerC-master/v0100/tests/subc/libtest.c,269,350,24,SmallerC-master
memcmp,memcmp,D:/Code/Repos/r10k_cpp/home/yoyo/work/SmallerC-master/v0100/tests/subc/libtest.c,269,350,24,SmallerC-master
strcpy,strcpy,D:/Code/Repos/r10k_cpp/home/yoyo/work/SmallerC-master/v0100/tests/subc/libtest.c,269,350,24,SmallerC-master
strncat,strncat,D:/Code/Repos/r10k_cpp/home/yoyo/work/SmallerC-master/v0100/tests/subc/libtest.c,269,350,24,SmallerC-master
strcmp,strcmp,D:/Code/Repos/r10k_cpp/home/yoyo/work/SmallerC-master/v0100/tests/subc/libtest.c,269,350,24,SmallerC-master
strncat,strncat,D:/Code/Repos/r10k_cpp/home/yoyo/work/SmallerC-master/v0100/tests/subc/libtest.c,269,350,24,SmallerC-master
strcmp,strcmp,D:/Code/Repos/r10k_cpp/home/yoyo/work/SmallerC-master/v0100/tests/subc/libtest.c,269,350,24,SmallerC-master
strspn,strspn,D:/Code/Repos/r10k_cpp/home/yoyo/work/SmallerC-master/v0100/tests/subc/libtest.c,269,350,24,SmallerC-master
strspn,strspn,D:/Code/Repos/r10k_cpp/home/yoyo/work/SmallerC-master/v0100/tests/subc/libtest.c,269,350,24,SmallerC-master
strspn,strspn,D:/Code/Repos/r10k_cpp/home/yoyo/work/SmallerC-master/v0100/tests/subc/libtest.c,269,350,24,SmallerC-master
strcspn,strcspn,D:/Code/Repos/r10k_cpp/home/yoyo/work/SmallerC-master/v0100/tests/subc/libtest.c,269,350,24,SmallerC-master
strcspn,strcspn,D:/Code/Repos/r10k_cpp/home/yoyo/work/SmallerC-master/v0100/tests/subc/libtest.c,269,350,24,SmallerC-master
strcspn,strcspn,D:/Code/Repos/r10k_cpp/home/yoyo/work/SmallerC-master/v0100/tests/subc/libtest.c,269,350,24,SmallerC-master
strcspn,strcspn,D:/Code/Repos/r10k_cpp/home/yoyo/work/SmallerC-master/v0100/tests/subc/libtest.c,269,350,24,SmallerC-master
strcmp,strcmp,D:/Code/Repos/r10k_cpp/home/yoyo/work/SmallerC-master/v0100/tests/subc/libtest.c,269,350,24,SmallerC-master
strpbrk,strpbrk,D:/Code/Repos/r10k_cpp/home/yoyo/work/SmallerC-master/v0100/tests/subc/libtest.c,269,350,24,SmallerC-master
strcmp,strcmp,D:/Code/Repos/r10k_cpp/home/yoyo/work/SmallerC-master/v0100/tests/subc/libtest.c,269,350,24,SmallerC-master
strpbrk,strpbrk,D:/Code/Repos/r10k_cpp/home/yoyo/work/SmallerC-master/v0100/tests/subc/libtest.c,269,350,24,SmallerC-master
strpbrk,strpbrk,D:/Code/Repos/r10k_cpp/home/yoyo/work/SmallerC-master/v0100/tests/subc/libtest.c,269,350,24,SmallerC-master
strpbrk,strpbrk,D:/Code/Repos/r10k_cpp/home/yoyo/work/SmallerC-master/v0100/tests/subc/libtest.c,269,350,24,SmallerC-master
strcpy,strcpy,D:/Code/Repos/r10k_cpp/home/yoyo/work/SmallerC-master/v0100/tests/subc/libtest.c,269,350,24,SmallerC-master
strcmp,strcmp,D:/Code/Repos/r10k_cpp/home/yoyo/work/SmallerC-master/v0100/tests/subc/libtest.c,269,350,24,SmallerC-master
strtok,strtok,D:/Code/Repos/r10k_cpp/home/yoyo/work/SmallerC-master/v0100/tests/subc/libtest.c,269,350,24,SmallerC-master
strcmp,strcmp,D:/Code/Repos/r10k_cpp/home/yoyo/work/SmallerC-master/v0100/tests/subc/libtest.c,269,350,24,SmallerC-master
strtok,strtok,D:/Code/Repos/r10k_cpp/home/yoyo/work/SmallerC-master/v0100/tests/subc/libtest.c,269,350,24,SmallerC-master
strcmp,strcmp,D:/Code/Repos/r10k_cpp/home/yoyo/work/SmallerC-master/v0100/tests/subc/libtest.c,269,350,24,SmallerC-master
strtok,strtok,D:/Code/Repos/r10k_cpp/home/yoyo/work/SmallerC-master/v0100/tests/subc/libtest.c,269,350,24,SmallerC-master
strcmp,strcmp,D:/Code/Repos/r10k_cpp/home/yoyo/work/SmallerC-master/v0100/tests/subc/libtest.c,269,350,24,SmallerC-master
strtok,strtok,D:/Code/Repos/r10k_cpp/home/yoyo/work/SmallerC-master/v0100/tests/subc/libtest.c,269,350,24,SmallerC-master
strtok,strtok,D:/Code/Repos/r10k_cpp/home/yoyo/work/SmallerC-master/v0100/tests/subc/libtest.c,269,350,24,SmallerC-master
strtok,strtok,D:/Code/Repos/r10k_cpp/home/yoyo/work/SmallerC-master/v0100/tests/subc/libtest.c,269,350,24,SmallerC-master
sprintf,sprintf,D:/Code/Repos/r10k_cpp/home/yoyo/work/SmallerC-master/v0100/tests/subc/libtest.c,352,363,1,SmallerC-master
strcmp,strcmp,D:/Code/Repos/r10k_cpp/home/yoyo/work/SmallerC-master/v0100/tests/subc/libtest.c,352,363,1,SmallerC-master
strcpy,strcpy,D:/Code/Repos/r10k_cpp/home/yoyo/work/SmallerC-master/v0100/tests/subc/libtest.c,352,363,1,SmallerC-master
strcat,strcat,D:/Code/Repos/r10k_cpp/home/yoyo/work/SmallerC-master/v0100/tests/subc/libtest.c,352,363,1,SmallerC-master
strcat,strcat,D:/Code/Repos/r10k_cpp/home/yoyo/work/SmallerC-master/v0100/tests/subc/libtest.c,352,363,1,SmallerC-master
strcat,strcat,D:/Code/Repos/r10k_cpp/home/yoyo/work/SmallerC-master/v0100/tests/subc/libtest.c,352,363,1,SmallerC-master
sprintf,sprintf,D:/Code/Repos/r10k_cpp/home/yoyo/work/SmallerC-master/v0100/tests/subc/libtest.c,365,376,1,SmallerC-master
strcmp,strcmp,D:/Code/Repos/r10k_cpp/home/yoyo/work/SmallerC-master/v0100/tests/subc/libtest.c,365,376,1,SmallerC-master
strcpy,strcpy,D:/Code/Repos/r10k_cpp/home/yoyo/work/SmallerC-master/v0100/tests/subc/libtest.c,365,376,1,SmallerC-master
strcat,strcat,D:/Code/Repos/r10k_cpp/home/yoyo/work/SmallerC-master/v0100/tests/subc/libtest.c,365,376,1,SmallerC-master
strcat,strcat,D:/Code/Repos/r10k_cpp/home/yoyo/work/SmallerC-master/v0100/tests/subc/libtest.c,365,376,1,SmallerC-master
strcat,strcat,D:/Code/Repos/r10k_cpp/home/yoyo/work/SmallerC-master/v0100/tests/subc/libtest.c,365,376,1,SmallerC-master
atoi,atoi,D:/Code/Repos/r10k_cpp/home/yoyo/work/SmallerC-master/v0100/tests/subc/libtest.c,448,479,7,SmallerC-master
atoi,atoi,D:/Code/Repos/r10k_cpp/home/yoyo/work/SmallerC-master/v0100/tests/subc/libtest.c,448,479,7,SmallerC-master
atoi,atoi,D:/Code/Repos/r10k_cpp/home/yoyo/work/SmallerC-master/v0100/tests/subc/libtest.c,448,479,7,SmallerC-master
atoi,atoi,D:/Code/Repos/r10k_cpp/home/yoyo/work/SmallerC-master/v0100/tests/subc/libtest.c,448,479,7,SmallerC-master
atoi,atoi,D:/Code/Repos/r10k_cpp/home/yoyo/work/SmallerC-master/v0100/tests/subc/libtest.c,448,479,7,SmallerC-master
abs,abs,D:/Code/Repos/r10k_cpp/home/yoyo/work/SmallerC-master/v0100/tests/subc/libtest.c,448,479,7,SmallerC-master
abs,abs,D:/Code/Repos/r10k_cpp/home/yoyo/work/SmallerC-master/v0100/tests/subc/libtest.c,448,479,7,SmallerC-master
abs,abs,D:/Code/Repos/r10k_cpp/home/yoyo/work/SmallerC-master/v0100/tests/subc/libtest.c,448,479,7,SmallerC-master
abs,abs,D:/Code/Repos/r10k_cpp/home/yoyo/work/SmallerC-master/v0100/tests/subc/libtest.c,448,479,7,SmallerC-master
rand,rand,D:/Code/Repos/r10k_cpp/home/yoyo/work/SmallerC-master/v0100/tests/subc/libtest.c,448,479,7,SmallerC-master
longjmp,longjmp,D:/Code/Repos/r10k_cpp/home/yoyo/work/SmallerC-master/v0100/tests/subc/libtest.c,484,487,1,SmallerC-master
_setjmp,_setjmp,D:/Code/Repos/r10k_cpp/home/yoyo/work/SmallerC-master/v0100/tests/subc/libtest.c,489,498,0,SmallerC-master
fopen,fopen,D:/Code/Repos/r10k_cpp/home/yoyo/work/SmallerC-master/v0100/tests/subc/libtest.c,504,558,15,SmallerC-master
fgetc,fgetc,D:/Code/Repos/r10k_cpp/home/yoyo/work/SmallerC-master/v0100/tests/subc/libtest.c,504,558,15,SmallerC-master
feof,feof,D:/Code/Repos/r10k_cpp/home/yoyo/work/SmallerC-master/v0100/tests/subc/libtest.c,504,558,15,SmallerC-master
fclose,fclose,D:/Code/Repos/r10k_cpp/home/yoyo/work/SmallerC-master/v0100/tests/subc/libtest.c,504,558,15,SmallerC-master
fopen,fopen,D:/Code/Repos/r10k_cpp/home/yoyo/work/SmallerC-master/v0100/tests/subc/libtest.c,504,558,15,SmallerC-master
fputs,fputs,D:/Code/Repos/r10k_cpp/home/yoyo/work/SmallerC-master/v0100/tests/subc/libtest.c,504,558,15,SmallerC-master
fputs,fputs,D:/Code/Repos/r10k_cpp/home/yoyo/work/SmallerC-master/v0100/tests/subc/libtest.c,504,558,15,SmallerC-master
fputs,fputs,D:/Code/Repos/r10k_cpp/home/yoyo/work/SmallerC-master/v0100/tests/subc/libtest.c,504,558,15,SmallerC-master
fputs,fputs,D:/Code/Repos/r10k_cpp/home/yoyo/work/SmallerC-master/v0100/tests/subc/libtest.c,504,558,15,SmallerC-master
fputs,fputs,D:/Code/Repos/r10k_cpp/home/yoyo/work/SmallerC-master/v0100/tests/subc/libtest.c,504,558,15,SmallerC-master
fileno,fileno,D:/Code/Repos/r10k_cpp/home/yoyo/work/SmallerC-master/v0100/tests/subc/libtest.c,504,558,15,SmallerC-master
fclose,fclose,D:/Code/Repos/r10k_cpp/home/yoyo/work/SmallerC-master/v0100/tests/subc/libtest.c,504,558,15,SmallerC-master
close,close,D:/Code/Repos/r10k_cpp/home/yoyo/work/SmallerC-master/v0100/tests/subc/libtest.c,504,558,15,SmallerC-master
fopen,fopen,D:/Code/Repos/r10k_cpp/home/yoyo/work/SmallerC-master/v0100/tests/subc/libtest.c,504,558,15,SmallerC-master
fgets,fgets,D:/Code/Repos/r10k_cpp/home/yoyo/work/SmallerC-master/v0100/tests/subc/libtest.c,504,558,15,SmallerC-master
feof,feof,D:/Code/Repos/r10k_cpp/home/yoyo/work/SmallerC-master/v0100/tests/subc/libtest.c,504,558,15,SmallerC-master
fgets,fgets,D:/Code/Repos/r10k_cpp/home/yoyo/work/SmallerC-master/v0100/tests/subc/libtest.c,504,558,15,SmallerC-master
fileno,fileno,D:/Code/Repos/r10k_cpp/home/yoyo/work/SmallerC-master/v0100/tests/subc/libtest.c,504,558,15,SmallerC-master
fclose,fclose,D:/Code/Repos/r10k_cpp/home/yoyo/work/SmallerC-master/v0100/tests/subc/libtest.c,504,558,15,SmallerC-master
close,close,D:/Code/Repos/r10k_cpp/home/yoyo/work/SmallerC-master/v0100/tests/subc/libtest.c,504,558,15,SmallerC-master
unlink,unlink,D:/Code/Repos/r10k_cpp/home/yoyo/work/SmallerC-master/v0100/tests/subc/libtest.c,504,558,15,SmallerC-master
fileno,fileno,D:/Code/Repos/r10k_cpp/home/yoyo/work/SmallerC-master/v0100/tests/subc/libtest.c,560,611,14,SmallerC-master
fileno,fileno,D:/Code/Repos/r10k_cpp/home/yoyo/work/SmallerC-master/v0100/tests/subc/libtest.c,560,611,14,SmallerC-master
fileno,fileno,D:/Code/Repos/r10k_cpp/home/yoyo/work/SmallerC-master/v0100/tests/subc/libtest.c,560,611,14,SmallerC-master
fopen,fopen,D:/Code/Repos/r10k_cpp/home/yoyo/work/SmallerC-master/v0100/tests/subc/libtest.c,560,611,14,SmallerC-master
fputc,fputc,D:/Code/Repos/r10k_cpp/home/yoyo/work/SmallerC-master/v0100/tests/subc/libtest.c,560,611,14,SmallerC-master
fflush,fflush,D:/Code/Repos/r10k_cpp/home/yoyo/work/SmallerC-master/v0100/tests/subc/libtest.c,560,611,14,SmallerC-master
lseek,lseek,D:/Code/Repos/r10k_cpp/home/yoyo/work/SmallerC-master/v0100/tests/subc/libtest.c,560,611,14,SmallerC-master
fileno,fileno,D:/Code/Repos/r10k_cpp/home/yoyo/work/SmallerC-master/v0100/tests/subc/libtest.c,560,611,14,SmallerC-master
rewind,rewind,D:/Code/Repos/r10k_cpp/home/yoyo/work/SmallerC-master/v0100/tests/subc/libtest.c,560,611,14,SmallerC-master
lseek,lseek,D:/Code/Repos/r10k_cpp/home/yoyo/work/SmallerC-master/v0100/tests/subc/libtest.c,560,611,14,SmallerC-master
fileno,fileno,D:/Code/Repos/r10k_cpp/home/yoyo/work/SmallerC-master/v0100/tests/subc/libtest.c,560,611,14,SmallerC-master
fgetc,fgetc,D:/Code/Repos/r10k_cpp/home/yoyo/work/SmallerC-master/v0100/tests/subc/libtest.c,560,611,14,SmallerC-master
fgetc,fgetc,D:/Code/Repos/r10k_cpp/home/yoyo/work/SmallerC-master/v0100/tests/subc/libtest.c,560,611,14,SmallerC-master
clearerr,clearerr,D:/Code/Repos/r10k_cpp/home/yoyo/work/SmallerC-master/v0100/tests/subc/libtest.c,560,611,14,SmallerC-master
rewind,rewind,D:/Code/Repos/r10k_cpp/home/yoyo/work/SmallerC-master/v0100/tests/subc/libtest.c,560,611,14,SmallerC-master
fgetc,fgetc,D:/Code/Repos/r10k_cpp/home/yoyo/work/SmallerC-master/v0100/tests/subc/libtest.c,560,611,14,SmallerC-master
ungetc,ungetc,D:/Code/Repos/r10k_cpp/home/yoyo/work/SmallerC-master/v0100/tests/subc/libtest.c,560,611,14,SmallerC-master
fgetc,fgetc,D:/Code/Repos/r10k_cpp/home/yoyo/work/SmallerC-master/v0100/tests/subc/libtest.c,560,611,14,SmallerC-master
fgetc,fgetc,D:/Code/Repos/r10k_cpp/home/yoyo/work/SmallerC-master/v0100/tests/subc/libtest.c,560,611,14,SmallerC-master
ungetc,ungetc,D:/Code/Repos/r10k_cpp/home/yoyo/work/SmallerC-master/v0100/tests/subc/libtest.c,560,611,14,SmallerC-master
fgetc,fgetc,D:/Code/Repos/r10k_cpp/home/yoyo/work/SmallerC-master/v0100/tests/subc/libtest.c,560,611,14,SmallerC-master
fclose,fclose,D:/Code/Repos/r10k_cpp/home/yoyo/work/SmallerC-master/v0100/tests/subc/libtest.c,560,611,14,SmallerC-master
unlink,unlink,D:/Code/Repos/r10k_cpp/home/yoyo/work/SmallerC-master/v0100/tests/subc/libtest.c,560,611,14,SmallerC-master
fopen,fopen,D:/Code/Repos/r10k_cpp/home/yoyo/work/SmallerC-master/v0100/tests/subc/libtest.c,613,679,19,SmallerC-master
memset,memset,D:/Code/Repos/r10k_cpp/home/yoyo/work/SmallerC-master/v0100/tests/subc/libtest.c,613,679,19,SmallerC-master
fwrite,fwrite,D:/Code/Repos/r10k_cpp/home/yoyo/work/SmallerC-master/v0100/tests/subc/libtest.c,613,679,19,SmallerC-master
rewind,rewind,D:/Code/Repos/r10k_cpp/home/yoyo/work/SmallerC-master/v0100/tests/subc/libtest.c,613,679,19,SmallerC-master
memset,memset,D:/Code/Repos/r10k_cpp/home/yoyo/work/SmallerC-master/v0100/tests/subc/libtest.c,613,679,19,SmallerC-master
fread,fread,D:/Code/Repos/r10k_cpp/home/yoyo/work/SmallerC-master/v0100/tests/subc/libtest.c,613,679,19,SmallerC-master
fclose,fclose,D:/Code/Repos/r10k_cpp/home/yoyo/work/SmallerC-master/v0100/tests/subc/libtest.c,613,679,19,SmallerC-master
fopen,fopen,D:/Code/Repos/r10k_cpp/home/yoyo/work/SmallerC-master/v0100/tests/subc/libtest.c,613,679,19,SmallerC-master
fwrite,fwrite,D:/Code/Repos/r10k_cpp/home/yoyo/work/SmallerC-master/v0100/tests/subc/libtest.c,613,679,19,SmallerC-master
rewind,rewind,D:/Code/Repos/r10k_cpp/home/yoyo/work/SmallerC-master/v0100/tests/subc/libtest.c,613,679,19,SmallerC-master
fread,fread,D:/Code/Repos/r10k_cpp/home/yoyo/work/SmallerC-master/v0100/tests/subc/libtest.c,613,679,19,SmallerC-master
fgetc,fgetc,D:/Code/Repos/r10k_cpp/home/yoyo/work/SmallerC-master/v0100/tests/subc/libtest.c,613,679,19,SmallerC-master
clearerr,clearerr,D:/Code/Repos/r10k_cpp/home/yoyo/work/SmallerC-master/v0100/tests/subc/libtest.c,613,679,19,SmallerC-master
rewind,rewind,D:/Code/Repos/r10k_cpp/home/yoyo/work/SmallerC-master/v0100/tests/subc/libtest.c,613,679,19,SmallerC-master
fseek,fseek,D:/Code/Repos/r10k_cpp/home/yoyo/work/SmallerC-master/v0100/tests/subc/libtest.c,613,679,19,SmallerC-master
ftell,ftell,D:/Code/Repos/r10k_cpp/home/yoyo/work/SmallerC-master/v0100/tests/subc/libtest.c,613,679,19,SmallerC-master
fseek,fseek,D:/Code/Repos/r10k_cpp/home/yoyo/work/SmallerC-master/v0100/tests/subc/libtest.c,613,679,19,SmallerC-master
ftell,ftell,D:/Code/Repos/r10k_cpp/home/yoyo/work/SmallerC-master/v0100/tests/subc/libtest.c,613,679,19,SmallerC-master
fseek,fseek,D:/Code/Repos/r10k_cpp/home/yoyo/work/SmallerC-master/v0100/tests/subc/libtest.c,613,679,19,SmallerC-master
ftell,ftell,D:/Code/Repos/r10k_cpp/home/yoyo/work/SmallerC-master/v0100/tests/subc/libtest.c,613,679,19,SmallerC-master
fclose,fclose,D:/Code/Repos/r10k_cpp/home/yoyo/work/SmallerC-master/v0100/tests/subc/libtest.c,613,679,19,SmallerC-master
unlink,unlink,D:/Code/Repos/r10k_cpp/home/yoyo/work/SmallerC-master/v0100/tests/subc/libtest.c,613,679,19,SmallerC-master
puts,puts,D:/Code/Repos/r10k_cpp/home/yoyo/work/SmallerC-master/v0100/tests/subc/libtest.c,681,703,4,SmallerC-master
_IO_putc,_IO_putc,D:/Code/Repos/r10k_cpp/home/yoyo/work/SmallerC-master/v0100/tests/subc/libtest.c,681,703,4,SmallerC-master
puts,puts,D:/Code/Repos/r10k_cpp/home/yoyo/work/SmallerC-master/v0100/tests/subc/libtest.c,681,703,4,SmallerC-master
putchar,putchar,D:/Code/Repos/r10k_cpp/home/yoyo/work/SmallerC-master/v0100/tests/subc/libtest.c,681,703,4,SmallerC-master
puts,puts,D:/Code/Repos/r10k_cpp/home/yoyo/work/SmallerC-master/v0100/tests/subc/libtest.c,681,703,4,SmallerC-master
printf,printf,D:/Code/Repos/r10k_cpp/home/yoyo/work/SmallerC-master/v0100/tests/subc/libtest.c,681,703,4,SmallerC-master
printf,printf,D:/Code/Repos/r10k_cpp/home/yoyo/work/SmallerC-master/v0100/tests/subc/libtest.c,681,703,4,SmallerC-master
printf,printf,D:/Code/Repos/r10k_cpp/home/yoyo/work/SmallerC-master/v0100/tests/subc/libtest.c,681,703,4,SmallerC-master
printf,printf,D:/Code/Repos/r10k_cpp/home/yoyo/work/SmallerC-master/v0100/tests/subc/libtest.c,681,703,4,SmallerC-master
puts,puts,D:/Code/Repos/r10k_cpp/home/yoyo/work/SmallerC-master/v0100/tests/subc/libtest.c,681,703,4,SmallerC-master
printf,printf,D:/Code/Repos/r10k_cpp/home/yoyo/work/SmallerC-master/v0100/tests/subc/libtest.c,681,703,4,SmallerC-master
printf,printf,D:/Code/Repos/r10k_cpp/home/yoyo/work/SmallerC-master/v0100/tests/subc/libtest.c,681,703,4,SmallerC-master
printf,printf,D:/Code/Repos/r10k_cpp/home/yoyo/work/SmallerC-master/v0100/tests/subc/libtest.c,681,703,4,SmallerC-master
printf,printf,D:/Code/Repos/r10k_cpp/home/yoyo/work/SmallerC-master/v0100/tests/subc/libtest.c,681,703,4,SmallerC-master
printf,printf,D:/Code/Repos/r10k_cpp/home/yoyo/work/SmallerC-master/v0100/tests/subc/libtest.c,681,703,4,SmallerC-master
puts,puts,D:/Code/Repos/r10k_cpp/home/yoyo/work/SmallerC-master/v0100/tests/subc/libtest.c,681,703,4,SmallerC-master
puts,puts,D:/Code/Repos/r10k_cpp/home/yoyo/work/SmallerC-master/v0100/tests/subc/libtest.c,681,703,4,SmallerC-master
system,system,D:/Code/Repos/r10k_cpp/home/yoyo/work/SmallerC-master/v0100/tests/subc/libtest.c,705,747,11,SmallerC-master
fopen,fopen,D:/Code/Repos/r10k_cpp/home/yoyo/work/SmallerC-master/v0100/tests/subc/libtest.c,705,747,11,SmallerC-master
fputs,fputs,D:/Code/Repos/r10k_cpp/home/yoyo/work/SmallerC-master/v0100/tests/subc/libtest.c,705,747,11,SmallerC-master
fopen,fopen,D:/Code/Repos/r10k_cpp/home/yoyo/work/SmallerC-master/v0100/tests/subc/libtest.c,705,747,11,SmallerC-master
fputs,fputs,D:/Code/Repos/r10k_cpp/home/yoyo/work/SmallerC-master/v0100/tests/subc/libtest.c,705,747,11,SmallerC-master
fputs,fputs,D:/Code/Repos/r10k_cpp/home/yoyo/work/SmallerC-master/v0100/tests/subc/libtest.c,705,747,11,SmallerC-master
fgets,fgets,D:/Code/Repos/r10k_cpp/home/yoyo/work/SmallerC-master/v0100/tests/subc/libtest.c,705,747,11,SmallerC-master
fgets,fgets,D:/Code/Repos/r10k_cpp/home/yoyo/work/SmallerC-master/v0100/tests/subc/libtest.c,705,747,11,SmallerC-master
feof,feof,D:/Code/Repos/r10k_cpp/home/yoyo/work/SmallerC-master/v0100/tests/subc/libtest.c,705,747,11,SmallerC-master
feof,feof,D:/Code/Repos/r10k_cpp/home/yoyo/work/SmallerC-master/v0100/tests/subc/libtest.c,705,747,11,SmallerC-master
memcmp,memcmp,D:/Code/Repos/r10k_cpp/home/yoyo/work/SmallerC-master/v0100/tests/subc/libtest.c,705,747,11,SmallerC-master
fgets,fgets,D:/Code/Repos/r10k_cpp/home/yoyo/work/SmallerC-master/v0100/tests/subc/libtest.c,705,747,11,SmallerC-master
feof,feof,D:/Code/Repos/r10k_cpp/home/yoyo/work/SmallerC-master/v0100/tests/subc/libtest.c,705,747,11,SmallerC-master
feof,feof,D:/Code/Repos/r10k_cpp/home/yoyo/work/SmallerC-master/v0100/tests/subc/libtest.c,705,747,11,SmallerC-master
puts,puts,D:/Code/Repos/r10k_cpp/home/yoyo/work/SmallerC-master/v0100/tests/subc/libtest.c,705,747,11,SmallerC-master
fclose,fclose,D:/Code/Repos/r10k_cpp/home/yoyo/work/SmallerC-master/v0100/tests/subc/libtest.c,705,747,11,SmallerC-master
fclose,fclose,D:/Code/Repos/r10k_cpp/home/yoyo/work/SmallerC-master/v0100/tests/subc/libtest.c,705,747,11,SmallerC-master
unlink,unlink,D:/Code/Repos/r10k_cpp/home/yoyo/work/SmallerC-master/v0100/tests/subc/libtest.c,705,747,11,SmallerC-master
fclose,fclose,D:/Code/Repos/r10k_cpp/home/yoyo/work/SmallerC-master/v0100/tests/subc/libtest.c,756,786,7,SmallerC-master
fopen,fopen,D:/Code/Repos/r10k_cpp/home/yoyo/work/SmallerC-master/v0100/tests/subc/libtest.c,756,786,7,SmallerC-master
remove,remove,D:/Code/Repos/r10k_cpp/home/yoyo/work/SmallerC-master/v0100/tests/subc/libtest.c,756,786,7,SmallerC-master
remove,remove,D:/Code/Repos/r10k_cpp/home/yoyo/work/SmallerC-master/v0100/tests/subc/libtest.c,756,786,7,SmallerC-master
rename,rename,D:/Code/Repos/r10k_cpp/home/yoyo/work/SmallerC-master/v0100/tests/subc/libtest.c,756,786,7,SmallerC-master
fclose,fclose,D:/Code/Repos/r10k_cpp/home/yoyo/work/SmallerC-master/v0100/tests/subc/libtest.c,756,786,7,SmallerC-master
fopen,fopen,D:/Code/Repos/r10k_cpp/home/yoyo/work/SmallerC-master/v0100/tests/subc/libtest.c,756,786,7,SmallerC-master
rename,rename,D:/Code/Repos/r10k_cpp/home/yoyo/work/SmallerC-master/v0100/tests/subc/libtest.c,756,786,7,SmallerC-master
rename,rename,D:/Code/Repos/r10k_cpp/home/yoyo/work/SmallerC-master/v0100/tests/subc/libtest.c,756,786,7,SmallerC-master
remove,remove,D:/Code/Repos/r10k_cpp/home/yoyo/work/SmallerC-master/v0100/tests/subc/libtest.c,756,786,7,SmallerC-master
tmpfile,tmpfile,D:/Code/Repos/r10k_cpp/home/yoyo/work/SmallerC-master/v0100/tests/subc/libtest.c,756,786,7,SmallerC-master
memset,memset,D:/Code/Repos/r10k_cpp/home/yoyo/work/SmallerC-master/v0100/tests/subc/libtest.c,756,786,7,SmallerC-master
fwrite,fwrite,D:/Code/Repos/r10k_cpp/home/yoyo/work/SmallerC-master/v0100/tests/subc/libtest.c,756,786,7,SmallerC-master
rewind,rewind,D:/Code/Repos/r10k_cpp/home/yoyo/work/SmallerC-master/v0100/tests/subc/libtest.c,756,786,7,SmallerC-master
fread,fread,D:/Code/Repos/r10k_cpp/home/yoyo/work/SmallerC-master/v0100/tests/subc/libtest.c,756,786,7,SmallerC-master
tmpnam,tmpnam,D:/Code/Repos/r10k_cpp/home/yoyo/work/SmallerC-master/v0100/tests/subc/libtest.c,756,786,7,SmallerC-master
fclose,fclose,D:/Code/Repos/r10k_cpp/home/yoyo/work/SmallerC-master/v0100/tests/subc/libtest.c,756,786,7,SmallerC-master
fopen,fopen,D:/Code/Repos/r10k_cpp/home/yoyo/work/SmallerC-master/v0100/tests/subc/libtest.c,756,786,7,SmallerC-master
tmpnam,tmpnam,D:/Code/Repos/r10k_cpp/home/yoyo/work/SmallerC-master/v0100/tests/subc/libtest.c,756,786,7,SmallerC-master
strcmp,strcmp,D:/Code/Repos/r10k_cpp/home/yoyo/work/SmallerC-master/v0100/tests/subc/libtest.c,756,786,7,SmallerC-master
remove,remove,D:/Code/Repos/r10k_cpp/home/yoyo/work/SmallerC-master/v0100/tests/subc/libtest.c,756,786,7,SmallerC-master
fclose,fclose,D:/Code/Repos/r10k_cpp/home/yoyo/work/SmallerC-master/v0100/tests/subc/libtest.c,788,790,2,SmallerC-master
fopen,fopen,D:/Code/Repos/r10k_cpp/home/yoyo/work/SmallerC-master/v0100/tests/subc/libtest.c,788,790,2,SmallerC-master
atexit,atexit,D:/Code/Repos/r10k_cpp/home/yoyo/work/SmallerC-master/v0100/tests/subc/libtest.c,792,796,1,SmallerC-master
exit,exit,D:/Code/Repos/r10k_cpp/home/yoyo/work/SmallerC-master/v0100/tests/subc/libtest.c,792,796,1,SmallerC-master
remove,remove,D:/Code/Repos/r10k_cpp/home/yoyo/work/SmallerC-master/v0100/tests/subc/libtest.c,798,811,1,SmallerC-master
system,system,D:/Code/Repos/r10k_cpp/home/yoyo/work/SmallerC-master/v0100/tests/subc/libtest.c,798,811,1,SmallerC-master
fclose,fclose,D:/Code/Repos/r10k_cpp/home/yoyo/work/SmallerC-master/v0100/tests/subc/libtest.c,798,811,1,SmallerC-master
fopen,fopen,D:/Code/Repos/r10k_cpp/home/yoyo/work/SmallerC-master/v0100/tests/subc/libtest.c,798,811,1,SmallerC-master
remove,remove,D:/Code/Repos/r10k_cpp/home/yoyo/work/SmallerC-master/v0100/tests/subc/libtest.c,798,811,1,SmallerC-master
exit,exit,D:/Code/Repos/r10k_cpp/home/yoyo/work/SmallerC-master/v0100/tests/subc/libtest.c,798,811,1,SmallerC-master
strcmp,strcmp,D:/Code/Repos/r10k_cpp/home/yoyo/work/SmallerC-master/v0100/tests/subc/libtest.c,813,836,5,SmallerC-master
strcmp,strcmp,D:/Code/Repos/r10k_cpp/home/yoyo/work/SmallerC-master/v0100/tests/subc/libtest.c,813,836,5,SmallerC-master
strcmp,strcmp,D:/Code/Repos/r10k_cpp/home/yoyo/work/SmallerC-master/v0100/tests/subc/libtest.c,813,836,5,SmallerC-master
